Proteome_ID	tree_tip_label	Tax_ID	species	Proteome Size	busco_score	busco_dataset	pfam_domains_present	KEGG_pathways_present	Reactome_pathways_present	habitat	cellularity	superkingdom	kingdom	phylum	subphylum	class	subclass	superorder	order	suborder	superfamily	family	subfamily	genus	model_organism
UP000009382	NANSJ	889962	Candidatus Nanosalinarum sp. J07AB56	1402	55.9	archaea_odb12	607	0	64.3603668089557	NA	NA	Archaea	NA	Euryarchaeota	Candidatus Nanohaloarchaeota	Nanohaloarchaea	NA	NA	NA	NA	NA	NA	NA	Candidatus Nanosalinarum	n
UP000014070	METII	1295009	Candidatus Methanomassiliicoccus intestinalis	1826	97.9	archaea_odb12	1102	23.91016801763581	71.9533192714445	NA	NA	Archaea	NA	Candidatus Thermoplasmatota	NA	Thermoplasmata	NA	NA	Methanomassiliicoccales	NA	NA	Methanomassiliicoccaceae	NA	Methanomassiliicoccus	n
UP000012672	METAX	1236689	Candidatus Methanomethylophilus alvus	1643	97.4	archaea_odb12	1057	23.324626654643	68.04106809791652	NA	NA	Archaea	NA	Candidatus Thermoplasmatota	NA	Thermoplasmata	NA	NA	Methanomassiliicoccales	NA	NA	Candidatus Methanomethylophilaceae	NA	Candidatus Methanomethylophilus	n
UP000001400	ACIB4	439481	Aciduliprofundum boonei	1539	95.9	archaea_odb12	1075	22.693668849390445	71.63202485192252	NA	NA	Archaea	NA	Candidatus Thermoplasmatota	NA	NA	NA	NA	NA	NA	NA	NA	NA	Aciduliprofundum	n
UP000001024	THEAC	273075	Thermoplasma acidophilum	1482	94.4	archaea_odb12	1017	25.675927599920517	70.04526205433001	NA	NA	Archaea	NA	Candidatus Thermoplasmatota	NA	Thermoplasmata	NA	NA	Thermoplasmatales	NA	NA	Thermoplasmataceae	NA	Thermoplasma	n
UP000000438	PICTO	263820	Picrophilus torridus	1535	95.4	archaea_odb12	1048	31.48093145265469	71.00366943604325	NA	NA	Archaea	NA	Candidatus Thermoplasmatota	NA	Thermoplasmata	NA	NA	Thermoplasmatales	NA	NA	Picrophilaceae	NA	Picrophilus	n
UP000008037	NITGG	1237085	Candidatus Nitrososphaera gargensis	3523	93.8	archaea_odb12	1196	30.071002183253707	73.86431767465386	NA	NA	Archaea	NA	Thaumarchaeota	NA	Nitrososphaeria	NA	NA	Nitrososphaerales	NA	NA	Nitrososphaeraceae	NA	Nitrososphaera	n
UP000000792	NITMS	436308	Nitrosopumilus maritimus	1795	92.8	archaea_odb12	1029	27.64815806972713	70.3687453999012	NA	NA	Archaea	NA	Thaumarchaeota	NA	NA	NA	NA	Nitrosopumilales	NA	NA	Nitrosopumilaceae	NA	Nitrosopumilus	n
UP000000758	CENSY	414004	Cenarchaeum symbiosum	2022	89.2	archaea_odb12	965	25.464297993287524	68.3203510208302	NA	NA	Archaea	NA	Thaumarchaeota	NA	NA	NA	NA	Cenarchaeales	NA	NA	Cenarchaeaceae	NA	Cenarchaeum	n
UP000001013	PYRFU	186497	Pyrococcus furiosus	2045	99	archaea_odb12	1225	27.405663985494392	70.43348305698932	NA	NA	Archaea	NA	Euryarchaeota	NA	Thermococci	NA	NA	Thermococcales	NA	NA	Thermococcaceae	NA	Pyrococcus	n
UP000053279	NANST	1294122	Candidatus Nanobsidianus stetteri	647	55.4	archaea_odb12	436	0	51.16952948163797	NA	NA	Archaea	NA	Nanoarchaeota	NA	NA	NA	NA	Nanoarchaeales	NA	NA	Nanopusillaceae	NA	Candidatus Nanobsidianus	n
UP000000578	NANEQ	228908	Nanoarchaeum equitans	536	56.9	archaea_odb12	410	4.930929651154337	54.51304103066395	NA	NA	Archaea	NA	Nanoarchaeota	NA	NA	NA	NA	Nanoarchaeales	NA	NA	Nanoarchaeaceae	NA	Nanoarchaeum	n
UP000001686	KORCO	374847	Candidatus Korarchaeum cryptofilum	1602	87.7	archaea_odb12	1011	24.98581131995586	90.42681596264607	NA	NA	Archaea	NA	Candidatus Korarchaeota	NA	NA	NA	NA	NA	NA	NA	NA	NA	Candidatus Korarchaeum	n
UP000000641	THEPD	368408	Thermofilum pendens	1876	89.2	archaea_odb12	981	20.27219359282589	63.556713255769644	NA	NA	Archaea	NA	Crenarchaeota	NA	Thermoprotei	NA	NA	Thermoproteales	NA	NA	Thermofilaceae	NA	Thermofilum	n
UP000006681	VULDI	572478	Vulcanisaeta distributa	2493	94.9	archaea_odb12	1145	32.801035219208075	77.15295630424147	NA	NA	Archaea	NA	Crenarchaeota	NA	Thermoprotei	NA	NA	Thermoproteales	NA	NA	Thermoproteaceae	NA	Vulcanisaeta	n
UP000005270	THEC1	1184251	Thermogladius calderae	1414	91.3	archaea_odb12	893	18.851057027047997	62.686826754302146	NA	NA	Archaea	NA	Crenarchaeota	NA	Thermoprotei	NA	NA	Desulfurococcales	NA	NA	Desulfurococcaceae	NA	Thermogladius	n
UP000007391	FERFK	1163730	Fervidicoccus fontis	1384	92.8	archaea_odb12	906	17.900301036156215	63.219394923471896	NA	NA	Archaea	NA	Crenarchaeota	NA	Thermoprotei	NA	NA	Fervidicoccales	NA	NA	Fervidicoccaceae	NA	Fervidicoccus	n
UP000008458	ACIHW	933801	Acidianus hospitalis	2329	94.4	archaea_odb12	1126	28.31209864768148	70.98525446293576	NA	NA	Archaea	NA	Crenarchaeota	NA	Thermoprotei	NA	NA	Sulfolobales	NA	NA	Sulfolobaceae	NA	Acidianus	n
UP000001037	PYRF1	694429	Pyrolobus fumarii	1967	96.9	archaea_odb12	1029	23.76823671967304	89.70471950752649	NA	NA	Archaea	NA	Crenarchaeota	NA	Thermoprotei	NA	NA	Desulfurococcales	NA	NA	Pyrodictiaceae	NA	Pyrolobus	n
UP000010469	CALLD	1056495	Caldisphaera lagunensis	1477	91.3	archaea_odb12	964	23.979057543644064	64.9352386261046	NA	NA	Archaea	NA	Crenarchaeota	NA	Thermoprotei	NA	NA	Acidilobales	NA	NA	Caldisphaeraceae	NA	Caldisphaera	n
UP000000346	ACIS3	666510	Acidilobus saccharovorans	1499	89.2	archaea_odb12	957	21.871372996476627	62.60463578809054	NA	NA	Archaea	NA	Crenarchaeota	NA	Thermoprotei	NA	NA	Acidilobales	NA	NA	Acidilobaceae	NA	Acidilobus	n
UP000001826	METKA	190192	Methanopyrus kandleri	1687	95.9	archaea_odb12	1063	22.31206305635362	64.62233792906002	NA	NA	Archaea	NA	Euryarchaeota	NA	Methanopyri	NA	NA	Methanopyrales	NA	NA	Methanopyraceae	NA	Methanopyrus	n
UP000008680	METRM	634498	Methanobrevibacter ruminantium	2209	97.9	archaea_odb12	1271	26.38400567539714	70.68640310777936	NA	NA	Archaea	NA	Euryarchaeota	NA	Methanobacteria	NA	NA	Methanobacteriales	NA	NA	Methanobacteriaceae	NA	Methanobrevibacter	n
UP000002315	METFV	523846	Methanothermus fervidus	1283	97.4	archaea_odb12	1052	22.510531711128582	70.32694926584458	NA	NA	Archaea	NA	Euryarchaeota	NA	Methanobacteria	NA	NA	Methanobacteriales	NA	NA	Methanothermaceae	NA	Methanothermus	n
UP000007722	METV3	456320	Methanococcus voltae	1658	97.4	archaea_odb12	1149	23.055689280223024	66.59954934695863	NA	NA	Archaea	NA	Euryarchaeota	NA	Methanococci	NA	NA	Methanococcales	NA	NA	Methanococcaceae	NA	Methanococcus	n
UP000000805	METJA	243232	Methanocaldococcus jannaschii	1787	97.9	archaea_odb12	1208	23.243356364634547	64.67505592502606	NA	NA	Archaea	NA	Euryarchaeota	NA	Methanococci	NA	NA	Methanococcales	NA	NA	Methanocaldococcaceae	NA	Methanocaldococcus	n
UP000001901	ARCPA	572546	Archaeoglobus profundus	1822	98.5	archaea_odb12	1170	24.413497157324066	85.40367573452362	NA	NA	Archaea	NA	Euryarchaeota	NA	Archaeoglobi	NA	NA	Archaeoglobales	NA	NA	Archaeoglobaceae	NA	Archaeoglobus	n
UP000000365	METLZ	410358	Methanocorpusculum labreanum	1739	97.9	archaea_odb12	1212	26.047008759746245	92.36181926014604	NA	NA	Archaea	NA	Euryarchaeota	NA	Methanomicrobia	NA	NA	Methanomicrobiales	NA	NA	Methanocorpusculaceae	NA	Methanocorpusculum	n
UP000001941	METHJ	323259	Methanospirillum hungatei	3087	99.5	archaea_odb12	1490	28.00465973986371	75.43241795423027	NA	NA	Archaea	NA	Euryarchaeota	NA	Methanomicrobia	NA	NA	Methanomicrobiales	NA	NA	Methanospirillaceae	NA	Methanospirillum	n
UP000002457	METPE	521011	Methanosphaerula palustris	2655	100	archaea_odb12	1414	27.7166652382858	74.4738018811719	NA	NA	Archaea	NA	Euryarchaeota	NA	Methanomicrobia	NA	NA	Methanomicrobiales	NA	NA	Methanoregulaceae	NA	Methanosphaerula	n
UP000009007	METBM	1201294	Methanoculleus bourgensis	2575	96.4	archaea_odb12	1457	26.984665375648735	72.98421407471025	NA	NA	Archaea	NA	Euryarchaeota	NA	Methanomicrobia	NA	NA	Methanomicrobiales	NA	NA	Methanomicrobiaceae	NA	Methanoculleus	n
UP000000674	METTP	349307	Methanothrix thermoacetophila	1673	99.5	archaea_odb12	1193	24.12415195885817	69.65965209507732	NA	NA	Archaea	NA	Euryarchaeota	NA	Methanomicrobia	NA	NA	Methanosarcinales	NA	NA	Methanotrichaceae	NA	Methanothrix	n
UP000000391	METEZ	644295	Methanohalobium evestigatum	2250	100	archaea_odb12	1340	26.10262555905776	70.3323186346262	NA	NA	Archaea	NA	Euryarchaeota	NA	Methanomicrobia	NA	NA	Methanosarcinales	NA	NA	Methanosarcinaceae	NA	Methanohalobium	n
UP000001882	METPS	304371	Methanocella paludicola	2993	99.5	archaea_odb12	1411	27.684465847353337	67.42846909560923	NA	NA	Archaea	NA	Euryarchaeota	NA	Methanomicrobia	NA	NA	Methanocellales	NA	NA	Methanocellaceae	NA	Methanocella	n
UP000000390	HALJB	795797	Halalkalicoccus jeotgali	3779	99	archaea_odb12	1567	39.84333676344058	75.68802450807334	NA	NA	Archaea	NA	Euryarchaeota	NA	Halobacteria	NA	NA	Halobacteriales	NA	NA	Halobacteriaceae	NA	Halalkalicoccus	n
UP000010846	HALRX	797302	Halovivax ruber	3099	100	archaea_odb12	1443	34.72572373396023	73.2090234218312	NA	NA	Archaea	NA	Euryarchaeota	NA	Halobacteria	NA	NA	Natrialbales	NA	NA	Natrialbaceae	NA	Halovivax	n
UP000001975	HALWD	362976	Haloquadratum walsbyi	2558	98.5	archaea_odb12	1381	30.832506889649125	55.801182570193895	NA	NA	Archaea	NA	Euryarchaeota	NA	Halobacteria	NA	NA	Haloferacales	NA	NA	Haloferacaceae	NA	Haloquadratum	n
UP000001169	HALMA	272569	Haloarcula marismortui	4234	97.9	archaea_odb12	1602	38.58617997310371	77.19417918013234	NA	NA	Archaea	NA	Euryarchaeota	NA	Halobacteria	NA	NA	Halobacteriales	NA	NA	Haloarculaceae	NA	Haloarcula	n
UP000039324	PLABS	37360	Plasmodiophora brassicae	9720	95.3	eukaryota_odb12	3263	0	284.91123563653275	Host-associated	Unicellular	Eukaryota	NA	Endomyxa	NA	Phytomyxea	NA	NA	Plasmodiophorida	NA	NA	Plasmodiophoridae	NA	Plasmodiophora	n
UP000030745	SAPPC	695850	Saprolegnia parasitica	20052	88.4	eukaryota_odb12	3667	0	305.94914639039075	Aquatic	Multicellular	Eukaryota	NA	Oomycota	NA	NA	NA	NA	Saprolegniales	NA	NA	Saprolegniaceae	NA	Saprolegnia	n
UP000052943	PHYNI	4790	Phytophthora nicotianae	15887	93	eukaryota_odb12	3490	0	273.7242352285632	Host-associated	Multicellular	Eukaryota	NA	Oomycota	NA	NA	NA	NA	Peronosporales	NA	NA	Peronosporaceae	NA	Phytophthora	n
UP000013827	EMIHU	2903	Emiliania huxleyi	35676	63.8	eukaryota_odb12	3619	69.36812719329315	291.1475048864415	Aquatic	Multicellular	Eukaryota	NA	Haptista	NA	Haptophyta	NA	NA	Isochrysidales	NA	NA	Noelaerhabdaceae	NA	Emiliania	n
UP000002630	ECTSI	2880	Ectocarpus siliculosus	16334	84.5	eukaryota_odb12	3667	0	295.8335064272929	Host-associated	Multicellular	Eukaryota	NA	NA	NA	Phaeophyceae	NA	NA	Ectocarpales	NA	NA	Ectocarpaceae	NA	Ectocarpus	n
UP000001449	THAPS	35128	Thalassiosira pseudonana	11717	76	eukaryota_odb12	3105	60.802854374564355	249.1470067987391	Aquatic	Unicellular	Eukaryota	NA	Bacillariophyta	NA	Coscinodiscophyceae	Thalassiosirophycidae	NA	Thalassiosirales	NA	NA	Thalassiosiraceae	NA	Thalassiosira	n
UP000000759	PHATC	556484	Phaeodactylum tricornutum	10451	81.4	eukaryota_odb12	3106	61.23454670506434	252.446074157212	Aquatic	Unicellular	Eukaryota	NA	Bacillariophyta	NA	Bacillariophyceae	NA	NA	Naviculales	NA	NA	Phaeodactylaceae	NA	Phaeodactylum	n
UP000000600	PARTE	5888	Paramecium tetraurelia	39461	77.5	eukaryota_odb12	2526	44.59726845805821	222.00722692258887	Aquatic	Multicellular	Eukaryota	NA	Ciliophora	Intramacronucleata	Oligohymenophorea	NA	NA	Peniculida	NA	NA	Parameciidae	NA	Paramecium	n
UP000009168	TETTS	312017	Tetrahymena thermophila	26971	86.8	eukaryota_odb12	2693	47.629009071613694	229.1872747414085	Aquatic	Multicellular	Eukaryota	NA	Ciliophora	Intramacronucleata	Oligohymenophorea	NA	NA	Hymenostomatida	Tetrahymenina	NA	Tetrahymenidae	NA	Tetrahymena	n
UP000008983	ICHMG	857967	Ichthyophthirius multifiliis	8049	49.2	eukaryota_odb12	1913	0	193.9435571127465	Host-associated	Unicellular	Eukaryota	NA	Ciliophora	Intramacronucleata	Oligohymenophorea	NA	NA	Hymenostomatida	Ophryoglenina	NA	NA	NA	Ichthyophthirius	n
UP000041254	VITBC	1169540	Vitrella brassicaformis	23030	86	eukaryota_odb12	3551	0	245.60108741039858	Aquatic	Unicellular	Eukaryota	NA	NA	NA	NA	NA	NA	NA	NA	NA	Vitrellaceae	NA	Vitrella	n
UP000002226	TOXGV	432359	Toxoplasma gondii	8404	70.5	eukaryota_odb12	2384	43.920194097392525	195.72829119178982	Host-associated	Unicellular	Eukaryota	NA	Apicomplexa	NA	Conoidasida	Coccidia	NA	Eucoccidiorida	Eimeriorina	NA	Sarcocystidae	NA	Toxoplasma	n
UP000019763	GRENI	110365	Gregarina niphandrodes	6341	46.7	eukaryota_odb12	1582	0	162.89345999997184	Host-associated	Multicellular	Eukaryota	NA	Apicomplexa	NA	Conoidasida	Gregarinasina	NA	Eugregarinorida	NA	NA	Gregarinidae	NA	Gregarina	n
UP000006726	CRYPI	353152	Cryptosporidium parvum	3805	55.8	eukaryota_odb12	1628	24.727908309318966	162.69111500114198	Host-associated	Unicellular	Eukaryota	NA	Apicomplexa	NA	Conoidasida	Coccidia	NA	Eucoccidiorida	Eimeriorina	NA	Cryptosporidiidae	NA	Cryptosporidium	n
UP000001450	PLAF7	36329	Plasmodium falciparum	5376	59.7	eukaryota_odb12	1901	31.892521415818827	172.98665285112253	Host-associated	Unicellular	Eukaryota	NA	Apicomplexa	NA	Aconoidasida	NA	NA	Haemosporida	NA	NA	Plasmodiidae	NA	Plasmodium	n
UP000001950	THEAN	5874	Theileria annulata	3790	52.8	eukaryota_odb12	1562	23.27707701599439	143.2123555423936	Host-associated	Multicellular	Eukaryota	NA	Apicomplexa	NA	Aconoidasida	NA	NA	Piroplasmida	NA	NA	Theileriidae	NA	Theileria	n
UP000002173	BABBO	5865	Babesia bovis	3690	59.7	eukaryota_odb12	1585	24.855735233882342	146.59940661710488	Host-associated	Unicellular	Eukaryota	NA	Apicomplexa	NA	Aconoidasida	NA	NA	Piroplasmida	NA	NA	Babesiidae	NA	Babesia	n
UP000007014	CYAM1	280699	Cyanidioschyzon merolae	4995	75	eukaryota_odb12	2551	58.04684357625292	228.80167954716862	Aquatic	Unicellular	Eukaryota	NA	Rhodophyta	NA	Bangiophyceae	NA	NA	Cyanidiales	NA	NA	Cyanidiaceae	NA	Cyanidioschyzon	n
UP000012073	CHOCR	2769	Chondrus crispus	9598	70.7	eukaryota_odb12	2717	56.23075009222361	220.92288128911977	Aquatic	Multicellular	Eukaryota	NA	Rhodophyta	NA	Florideophyceae	Rhodymeniophycidae	NA	Gigartinales	NA	NA	Gigartinaceae	NA	Chondrus	n
UP000008141	CHLVA	554065	Chlorella variabilis	9831	80.6	eukaryota_odb12	3516	69.80543444305758	253.1334350430158	Aquatic	Unicellular	Eukaryota	Viridiplantae	Chlorophyta	NA	Trebouxiophyceae	NA	NA	Chlorellales	NA	NA	Chlorellaceae	NA	Chlorella	n
UP000006906	CHLRE	3055	Chlamydomonas reinhardtii	17614	94.6	eukaryota_odb12	3807	68.41717089180125	267.2342336964571	Aquatic	Multicellular	Eukaryota	Viridiplantae	Chlorophyta	NA	Chlorophyceae	NA	NA	Chlamydomonadales	NA	NA	Chlamydomonadaceae	NA	Chlamydomonas	y
UP000001568	OSTLU	436017	Ostreococcus sp. 'lucimarinus'	7403	76.7	eukaryota_odb12	3092	60.0445476593568	229.819567866761	Aquatic	Multicellular	Eukaryota	Viridiplantae	Chlorophyta	NA	Mamiellophyceae	NA	NA	Mamiellales	NA	NA	Bathycoccaceae	NA	Ostreococcus	n
UP000001876	MICPC	564608	Micromonas pusilla	10246	75	eukaryota_odb12	3375	62.13560403014957	229.85486302178384	Aquatic	Unicellular	Eukaryota	Viridiplantae	Chlorophyta	NA	Mamiellophyceae	NA	NA	Mamiellales	NA	NA	Mamiellaceae	NA	Micromonas	n
UP000001514	SELML	88036	Selaginella moellendorffii	33119	95.3	eukaryota_odb12	4065	76.91590759756915	268.8026057345838	Terrestrial	Multicellular	Eukaryota	Viridiplantae	Streptophyta	Streptophytina	Lycopodiopsida	NA	NA	Selaginellales	NA	NA	Selaginellaceae	NA	Selaginella	n
UP000006727	PHYPA	3218	Physcomitrium patens	30857	100	eukaryota_odb12	4348	78.44771409778849	269.57643691990415	Terrestrial	Multicellular	Eukaryota	Viridiplantae	Streptophyta	Streptophytina	Bryopsida	Funariidae	NA	Funariales	NA	NA	Funariaceae	NA	Physcomitrium	n
UP000244005	MARPO	3197	Marchantia polymorpha	19120	100	eukaryota_odb12	4285	0	274.24027989640877	Terrestrial	Multicellular	Eukaryota	Viridiplantae	Streptophyta	Streptophytina	Marchantiopsida	Marchantiidae	NA	Marchantiales	NA	NA	Marchantiaceae	NA	Marchantia	n
UP000017836	AMBTC	13333	Amborella trichopoda	27366	89.1	eukaryota_odb12	4175	79.72519112715446	260.3636521407338	Terrestrial	Multicellular	Eukaryota	Viridiplantae	Streptophyta	Streptophytina	Magnoliopsida	NA	NA	Amborellales	NA	NA	Amborellaceae	NA	Amborella	n
UP000036987	ZOSMR	29655	Zostera marina	20358	94.6	eukaryota_odb12	4045	0	256.3445034718773	Aquatic	Multicellular	Eukaryota	Viridiplantae	Streptophyta	Streptophytina	Magnoliopsida	NA	NA	Alismatales	NA	NA	Zosteraceae	NA	Zostera	n
UP000012960	MUSAM	214687	Musa acuminata	36474	90.7	eukaryota_odb12	4156	79.96756746266053	271.961770203619	Terrestrial	Multicellular	Eukaryota	Viridiplantae	Streptophyta	Streptophytina	Magnoliopsida	Petrosaviidae	NA	Zingiberales	NA	NA	Musaceae	NA	Musa	n
UP000007015	ORYSI	39946	Oryza sativa	37344	92.2	eukaryota_odb12	4272	81.32086824295017	259.93092299029087	Terrestrial	Multicellular	Eukaryota	Viridiplantae	Streptophyta	Streptophytina	Magnoliopsida	Petrosaviidae	NA	Poales	NA	NA	Poaceae	Oryzoideae	Oryza	y
UP000007305	MAIZE	4577	Zea mays	39400	96.1	eukaryota_odb12	4189	80.5495269168452	264.0787700635067	Terrestrial	Multicellular	Eukaryota	Viridiplantae	Streptophyta	Streptophytina	Magnoliopsida	Petrosaviidae	NA	Poales	NA	NA	Poaceae	Panicoideae	Zea	y
UP000006548	ARATH	3702	Arabidopsis thaliana	27466	100	eukaryota_odb12	4213	80.50558253257903	258.4840863823134	Terrestrial	Multicellular	Eukaryota	Viridiplantae	Streptophyta	Streptophytina	Magnoliopsida	NA	NA	Brassicales	NA	NA	Brassicaceae	NA	Arabidopsis	y
UP000002051	MEDTR	3880	Medicago truncatula	49955	100	eukaryota_odb12	4343	82.65144321545928	269.9486130724452	Terrestrial	Multicellular	Eukaryota	Viridiplantae	Streptophyta	Streptophytina	Magnoliopsida	NA	NA	Fabales	NA	NA	Fabaceae	Papilionoideae	Medicago	n
UP000084051	TOBAC	4097	Nicotiana tabacum	61675	99.2	eukaryota_odb12	4309	81.91099674048317	265.20086275592143	Terrestrial	Multicellular	Eukaryota	Viridiplantae	Streptophyta	Streptophytina	Magnoliopsida	NA	NA	Solanales	NA	NA	Solanaceae	Nicotianoideae	Nicotiana	n
UP000215914	HELAN	4232	Helianthus annuus	51240	96.1	eukaryota_odb12	4232	81.158742914665993	273.042272891334	Terrestrial	Multicellular	Eukaryota	Viridiplantae	Streptophyta	Streptophytina	Magnoliopsida	NA	NA	Asterales	NA	NA	Asteraceae	Asteroideae	Helianthus	n
UP000077755	DAUCS	79200	Daucus carota	31771	87.6	eukaryota_odb12	4113	78.95447878563633	247.14485185745295	Terrestrial	Multicellular	Eukaryota	Viridiplantae	Streptophyta	Streptophytina	Magnoliopsida	NA	NA	Apiales	Apiineae	NA	Apiaceae	Apioideae	Daucus	n
UP000009183	VITVI	29760	Vitis vinifera	29874	95.3	eukaryota_odb12	4223	81.99994379387995	262.14912855930106	Terrestrial	Multicellular	Eukaryota	Viridiplantae	Streptophyta	Streptophytina	Magnoliopsida	NA	NA	Vitales	NA	NA	Vitaceae	NA	Vitis	n
UP000006882	PRUPE	3760	Prunus persica	26847	99.2	eukaryota_odb12	4241	0	260.88284278816957	Terrestrial	Multicellular	Eukaryota	Viridiplantae	Streptophyta	Streptophytina	Magnoliopsida	NA	NA	Rosales	NA	NA	Rosaceae	Amygdaloideae	Prunus	n
UP000029981	CUCSA	3659	Cucumis sativus	23744	93	eukaryota_odb12	4135	79.31336199770676	253.77155672064896	Terrestrial	Multicellular	Eukaryota	Viridiplantae	Streptophyta	Streptophytina	Magnoliopsida	NA	NA	Cucurbitales	NA	NA	Cucurbitaceae	NA	Cucumis	n
UP000026915	THECC	3641	Theobroma cacao	29159	99.2	eukaryota_odb12	4214	80.7431846121217	259.9197043674502	Terrestrial	Multicellular	Eukaryota	Viridiplantae	Streptophyta	Streptophytina	Magnoliopsida	NA	NA	Malvales	NA	NA	Malvaceae	Byttnerioideae	Theobroma	n
UP000006729	POPTR	3694	Populus trichocarpa	42532	100	eukaryota_odb12	4255	82.37476135144934	263.5278331612388	Terrestrial	Multicellular	Eukaryota	Viridiplantae	Streptophyta	Streptophytina	Magnoliopsida	NA	NA	Malpighiales	NA	NA	Salicaceae	NA	Populus	n
UP000091857	MANES	3983	Manihot esculenta	32935	98.4	eukaryota_odb12	4221	0	258.97873635962895	Terrestrial	Multicellular	Eukaryota	Viridiplantae	Streptophyta	Streptophytina	Magnoliopsida	NA	NA	Malpighiales	NA	NA	Euphorbiaceae	Crotonoideae	Manihot	n
UP000001542	TRIVA	5722	Trichomonas vaginalis	50190	54.9	eukaryota_odb12	2085	36.705531809664016	204.17184853828294	Host-associated	Unicellular	Eukaryota	NA	Parabasalia	NA	NA	NA	NA	Trichomonadida	NA	NA	Trichomonadidae	NA	Trichomonas	n
UP000006671	NAEGR	5762	Naegleria gruberi	15634	81.4	eukaryota_odb12	3133	54.026810036035165	291.7143840682911	Host-associated	Unicellular	Eukaryota	NA	Heterolobosea	NA	NA	NA	NA	NA	NA	NA	Vahlkampfiidae	NA	Naegleria	n
UP000008153	LEIIN	5671	Leishmania infantum	8045	54.3	eukaryota_odb12	2168	45.31452698061511	215.0481119702614	Host-associated	Unicellular	Eukaryota	NA	Euglenozoa	NA	Kinetoplastea	Metakinetoplastina	NA	Trypanosomatida	NA	NA	Trypanosomatidae	Leishmaniinae	Leishmania	n
UP000001926	ENTHI	5759	Entamoeba histolytica	7959	59.7	eukaryota_odb12	1712	30.896829744370716	187.19130827849003	Host-associated	Unicellular	Eukaryota	NA	Evosea	NA	NA	NA	NA	Mastigamoebida	NA	NA	Entamoebidae	NA	Entamoeba	n
UP000002195	DICDI	44689	Dictyostelium discoideum	12739	96.9	eukaryota_odb12	3529	57.341500220760274	334.8999593556028	Terrestrial	Multicellular	Eukaryota	NA	Evosea	NA	Eumycetozoa	NA	NA	Dictyosteliales	NA	NA	Dictyosteliaceae	NA	Dictyostelium	y
UP000001396	POLPP	670386	Heterostelium album	12351	89.1	eukaryota_odb12	3508	0	318.96170819153497	Terrestrial	Multicellular	Eukaryota	NA	Evosea	NA	Eumycetozoa	NA	NA	Acytosteliales	NA	NA	Acytosteliaceae	NA	Heterostelium	n
UP000007797	CAVFA	1054147	Cavenderia fasciculata	12152	89.9	eukaryota_odb12	3473	56.52576733797194	317.0500001354912	Terrestrial	Multicellular	Eukaryota	NA	Evosea	NA	Eumycetozoa	NA	NA	Acytosteliales	NA	NA	Cavenderiaceae	NA	Cavenderia	n
UP000030693	FONAL	691883	Fonticula alba	5901	72.9	eukaryota_odb12	2490	0	261.6976417696294	Terrestrial	Multicellular	Eukaryota	NA	NA	NA	NA	NA	NA	Rotosphaerida	NA	NA	Fonticulaceae	NA	Fonticula	n
UP000007241	BATDJ	684364	Batrachochytrium dendrobatidis	8610	89.1	eukaryota_odb12	3457	0	301.0032996691666	Host-associated	Multicellular	Eukaryota	Fungi	Chytridiomycota	NA	Chytridiomycetes	NA	NA	Rhizophydiales	NA	NA	NA	NA	Batrachochytrium	n
UP000011081	VAVCU	948595	Vavraia culicis	2768	41	eukaryota_odb12	1007	0	136.80605694581683	Host-associated	Unicellular	Eukaryota	Fungi	Microsporidia	NA	NA	NA	NA	NA	Pansporoblastina	NA	Pleistophoridae	NA	Vavraia	n
UP000009082	NOSCE	578460	Nosema ceranae	2060	40	eukaryota_odb12	905	7.686619356308787	131.8471217319531	Host-associated	Unicellular	Eukaryota	Fungi	Microsporidia	NA	NA	NA	NA	NA	Apansporoblastina	NA	Nosematidae	NA	Nosema	n
UP000000819	ENCCU	284813	Encephalitozoon cuniculi	2041	46.2	eukaryota_odb12	1071	10.049200206471333	137.6877481543422	Host-associated	Unicellular	Eukaryota	Fungi	Microsporidia	NA	NA	NA	NA	NA	Apansporoblastina	NA	Unikaryonidae	NA	Encephalitozoon	n
UP000000561	USTMA	237631	Ustilago maydis	6788	98.4	eukaryota_odb12	3444	44.71797332742462	280.37741023485546	Host-associated	Unicellular	Eukaryota	Fungi	Basidiomycota	Ustilaginomycotina	Ustilaginomycetes	NA	NA	Ustilaginales	NA	NA	Ustilaginaceae	NA	Ustilago	n
UP000008837	MALGO	425265	Malassezia globosa	4273	71.3	eukaryota_odb12	2685	32.76713402115034	250.18359781674909	Host-associated	Unicellular	Eukaryota	Fungi	Basidiomycota	Ustilaginomycotina	Malasseziomycetes	NA	NA	Malasseziales	NA	NA	Malasseziaceae	NA	Malassezia	n
UP000008783	PUCGT	418459	Puccinia graminis	15688	94.6	eukaryota_odb12	3179	39.715744807027264	265.6771643906185	Host-associated	Multicellular	Eukaryota	Fungi	Basidiomycota	Pucciniomycotina	Pucciniomycetes	NA	NA	Pucciniales	NA	NA	Pucciniaceae	NA	Puccinia	n
UP000009131	MIXOS	764103	Mixia osmundae	6725	94.6	eukaryota_odb12	3293	0	264.3630598191717	Host-associated	Unicellular	Eukaryota	Fungi	Basidiomycota	Pucciniomycotina	Mixiomycetes	NA	NA	Mixiales	NA	NA	Mixiaceae	NA	Mixia	n
UP000017200	USTV1	683840	Microbotryum lychnidis-dioicae	7354	97.7	eukaryota_odb12	3389	0	270.48813521271506	Host-associated	Unicellular	Eukaryota	Fungi	Basidiomycota	Pucciniomycotina	Microbotryomycetes	NA	NA	Microbotryales	NA	NA	Microbotryaceae	NA	Microbotryum	n
UP000053890	RHOGW	578459	Rhodotorula graminis	7225	89.9	eukaryota_odb12	3309	0	272.7668427854626	Terrestrial	Unicellular	Eukaryota	Fungi	Basidiomycota	Pucciniomycotina	Microbotryomycetes	NA	NA	Sporidiobolales	NA	NA	Sporidiobolaceae	NA	Rhodotorula	n
UP000014064	WALI9	1299270	Wallemia ichthyophaga	4836	89.9	eukaryota_odb12	2989	37.97824607493136	250.3255306965361	Terrestrial	Multicellular	Eukaryota	Fungi	Basidiomycota	Wallemiomycotina	Wallemiomycetes	NA	NA	Wallemiales	NA	NA	Wallemiaceae	NA	Wallemia	n
UP000289152	TREME	5217	Tremella mesenterica	8061	98.4	eukaryota_odb12	3282	38.74372544918259	272.6171846734018	Terrestrial	Multicellular	Eukaryota	Fungi	Basidiomycota	Agaricomycotina	Tremellomycetes	NA	NA	Tremellales	NA	NA	Tremellaceae	NA	Tremella	n
UP000002149	CRYNJ	214684	Cryptococcus neoformans	6604	98.4	eukaryota_odb12	3350	39.221047444882736	271.02152126486703	Terrestrial	Unicellular	Eukaryota	Fungi	Basidiomycota	Agaricomycotina	Tremellomycetes	NA	NA	Tremellales	NA	NA	Cryptococcaceae	NA	Cryptococcus	n
UP000007148	SERID	1109443	Serendipita indica	11780	91.5	eukaryota_odb12	3499	0	273.740816767799	Host-associated	Multicellular	Eukaryota	Fungi	Basidiomycota	Agaricomycotina	Agaricomycetes	NA	NA	Sebacinales	NA	NA	Serendipitaceae	NA	Serendipita	n
UP000000741	MONPE	554373	Moniliophthora perniciosa	13649	11.8	eukaryota_odb12	2448	21.16364713521915	204.67063694769774	Host-associated	Multicellular	Eukaryota	Fungi	Basidiomycota	Agaricomycotina	Agaricomycetes	Agaricomycetidae	NA	Agaricales	NA	NA	Marasmiaceae	NA	Moniliophthora	n
UP000001861	COPC7	240176	Coprinopsis cinerea	13334	93.8	eukaryota_odb12	3585	29.124156212428193	285.9228435931954	Terrestrial	Multicellular	Eukaryota	Fungi	Basidiomycota	Agaricomycotina	Agaricomycetes	Agaricomycetidae	NA	Agaricales	NA	NA	Psathyrellaceae	NA	Coprinopsis	n
UP000092993	GRIFR	5627	Grifola frondosa	14985	78.3	eukaryota_odb12	3465	0	259.50104846638936	Terrestrial	Multicellular	Eukaryota	Fungi	Basidiomycota	Agaricomycotina	Agaricomycetes	NA	NA	Polyporales	NA	NA	Grifolaceae	NA	Grifola	n
UP000015241	FOMPI	743788	Fomitopsis pinicola	13805	97.7	eukaryota_odb12	3639	0	281.79997807923127	Terrestrial	Multicellular	Eukaryota	Fungi	Basidiomycota	Agaricomycotina	Agaricomycetes	NA	NA	Polyporales	NA	NA	Fomitopsidaceae	NA	Fomitopsis	n
UP000218811	WOLCO	742152	Wolfiporia cocos	12197	91.5	eukaryota_odb12	3477	0	270.6498904451933	Host-associated	Unicellular	Eukaryota	Fungi	Basidiomycota	Agaricomycotina	Agaricomycetes	NA	NA	Polyporales	NA	NA	Laetiporaceae	NA	Wolfiporia	n
UP000001743	POSPM	561896	Postia placenta	8983	32.3	eukaryota_odb12	1729	32.860370850724635	123.95473453711169	Terrestrial	Multicellular	Eukaryota	Fungi	Basidiomycota	Agaricomycotina	Agaricomycetes	NA	NA	Polyporales	NA	NA	Dacryobolaceae	NA	Postia	n
UP000033140	SAICN	698492	Saitoella complicata	7118	95.3	eukaryota_odb12	3643	0	263.2732695121962	Terrestrial	Unicellular	Eukaryota	Fungi	Ascomycota	Taphrinomycotina	NA	NA	NA	NA	NA	NA	NA	NA	Saitoella	n
UP000002485	SCHPO	284812	Schizosaccharomyces pombe	5141	97.7	eukaryota_odb12	3238	56.186917419127624	263.5143200100466	Terrestrial	Unicellular	Eukaryota	Fungi	Ascomycota	Taphrinomycotina	Schizosaccharomycetes	NA	NA	Schizosaccharomycetales	NA	NA	Schizosaccharomycetaceae	NA	Schizosaccharomyces	y
UP000015464	SCHCR	653667	Schizosaccharomyces cryophilus	5135	97.7	eukaryota_odb12	3194	0	260.5001356678476	Terrestrial	Unicellular	Eukaryota	Fungi	Ascomycota	Taphrinomycotina	Schizosaccharomycetes	NA	NA	Schizosaccharomycetales	NA	NA	Schizosaccharomycetaceae	NA	Schizosaccharomyces	n
UP000001300	YARLI	284591	Yarrowia lipolytica	6449	94.6	eukaryota_odb12	3330	63.32630978267447	275.1790776429023	Terrestrial	Multicellular	Eukaryota	Fungi	Ascomycota	Saccharomycotina	Saccharomycetes	NA	NA	Saccharomycetales	NA	NA	Dipodascaceae	NA	Yarrowia	n
UP000008673	OGAPD	871575	Ogataea parapolymorpha	5338	93.8	eukaryota_odb12	3172	0	264.1324985255768	Terrestrial	Unicellular	Eukaryota	Fungi	Ascomycota	Saccharomycotina	Saccharomycetes	NA	NA	Saccharomycetales	NA	NA	Pichiaceae	NA	Ogataea	n
UP000005222	PICSO	559304	Millerozyma farinosa	8851	88.4	eukaryota_odb12	3293	0	266.2539317495909	Terrestrial	Unicellular	Eukaryota	Fungi	Ascomycota	Saccharomycotina	Saccharomycetes	NA	NA	Saccharomycetales	NA	NA	Debaryomycetaceae	NA	Millerozyma	n
UP000000559	CANAL	237561	Candida albicans	6035	86.8	eukaryota_odb12	3292	62.05372984382036	263.73906748193957	Host-associated	Unicellular	Eukaryota	Fungi	Ascomycota	Saccharomycotina	Saccharomycetes	NA	NA	Saccharomycetales	NA	NA	Debaryomycetaceae	NA	Candida	y
UP000094389	CYBJN	983966	Cyberlindnera jadinii	5994	93.8	eukaryota_odb12	3270	0	261.6787080094092	Terrestrial	Unicellular	Eukaryota	Fungi	Ascomycota	Saccharomycotina	Saccharomycetes	NA	NA	Saccharomycetales	NA	NA	Phaffomycetaceae	NA	Cyberlindnera	n
UP000002311	YEAST	559292	Saccharomyces cerevisiae	6049	85.3	eukaryota_odb12	3251	38.288160121666344	262.5930839925134	Terrestrial	Unicellular	Eukaryota	Fungi	Ascomycota	Saccharomycotina	Saccharomycetes	NA	NA	Saccharomycetales	NA	NA	Saccharomycetaceae	NA	Saccharomyces	y
UP000000591	ASHGO	284811	Eremothecium gossypii	4758	86	eukaryota_odb12	3181	35.848705333040066	258.419671933906	Terrestrial	Unicellular	Eukaryota	Fungi	Ascomycota	Saccharomycotina	Saccharomycetes	NA	NA	Saccharomycetales	NA	NA	Saccharomycetaceae	NA	Eremothecium	n
UP000006911	TUBMM	656061	Tuber melanosporum	7494	90.7	eukaryota_odb12	3526	63.472231000773895	278.26965291995975	Terrestrial	Multicellular	Eukaryota	Fungi	Ascomycota	Pezizomycotina	Pezizomycetes	NA	NA	Pezizales	NA	NA	Tuberaceae	NA	Tuber	n
UP000008784	ARTOA	756982	Arthrobotrys oligospora	11478	98.4	eukaryota_odb12	3842	0	286.27388262517644	Host-associated	Multicellular	Eukaryota	Fungi	Ascomycota	Pezizomycotina	Orbiliomycetes	NA	NA	Orbiliales	NA	NA	Orbiliaceae	NA	Arthrobotrys	n
UP000008866	ARTBC	663331	Trichophyton benhamiae	7976	88.4	eukaryota_odb12	3519	65.29313480081618	263.1572577378028	Host-associated	Multicellular	Eukaryota	Fungi	Ascomycota	Pezizomycotina	Eurotiomycetes	Eurotiomycetidae	NA	Onygenales	NA	NA	Arthrodermataceae	NA	Trichophyton	n
UP000001745	TALSN	441959	Talaromyces stipitatus	12468	97.7	eukaryota_odb12	3970	0	285.0595977932668	Terrestrial	Multicellular	Eukaryota	Fungi	Ascomycota	Pezizomycotina	Eurotiomycetes	Eurotiomycetidae	NA	Eurotiales	NA	NA	Trichocomaceae	NA	Talaromyces	n
UP000006702	NEOFI	331117	Aspergillus fischeri	10414	97.7	eukaryota_odb12	3954	72.63569763310429	286.1202729097765	Host-associated	Multicellular	Eukaryota	Fungi	Ascomycota	Pezizomycotina	Eurotiomycetes	Eurotiomycetidae	NA	Eurotiales	NA	NA	Aspergillaceae	NA	Aspergillus	n
UP000016931	SPHMS	692275	Sphaerulina musiva	10154	96.9	eukaryota_odb12	3818	0	283.216677432035	Host-associated	Multicellular	Eukaryota	Fungi	Ascomycota	Pezizomycotina	Dothideomycetes	Dothideomycetidae	NA	Mycosphaerellales	NA	NA	Mycosphaerellaceae	NA	Sphaerulina	n
UP000001055	PHANO	321614	Parastagonospora nodorum	15998	89.9	eukaryota_odb12	3910	71.1090174558134	281.0709890646935	Host-associated	Multicellular	Eukaryota	Fungi	Ascomycota	Pezizomycotina	Dothideomycetes	Pleosporomycetidae	NA	Pleosporales	Pleosporineae	NA	Phaeosphaeriaceae	NA	Parastagonospora	n
UP000001471	PYRTR	426418	Pyrenophora tritici-repentis	12062	96.1	eukaryota_odb12	3910	0	282.0955745399248	Host-associated	Unicellular	Eukaryota	Fungi	Ascomycota	Pezizomycotina	Dothideomycetes	Pleosporomycetidae	NA	Pleosporales	Pleosporineae	NA	Pleosporaceae	NA	Pyrenophora	n
UP000002668	LEPMJ	985895	Leptosphaeria maculans	12608	92.2	eukaryota_odb12	3854	0	282.50756448587765	Host-associated	Multicellular	Eukaryota	Fungi	Ascomycota	Pezizomycotina	Dothideomycetes	Pleosporomycetidae	NA	Pleosporales	Pleosporineae	NA	Leptosphaeriaceae	NA	Leptosphaeria	n
UP000001312	SCLS1	665079	Sclerotinia sclerotiorum	14445	88.4	eukaryota_odb12	3823	47.36336751418958	276.49172988345674	Terrestrial	Multicellular	Eukaryota	Fungi	Ascomycota	Pezizomycotina	Leotiomycetes	NA	NA	Helotiales	NA	NA	Sclerotiniaceae	NA	Sclerotinia	n
UP000030651	PESFW	1229662	Pestalotiopsis fici	15412	100	eukaryota_odb12	4007	50.93421213053396	285.80797311346714	Host-associated	Multicellular	Eukaryota	Fungi	Ascomycota	Pezizomycotina	Sordariomycetes	Xylariomycetidae	NA	Xylariales	NA	NA	Sporocadaceae	NA	Pestalotiopsis	n
UP000012174	EUTLA	1287681	Eutypa lata	11684	86	eukaryota_odb12	3708	48.2600257934539	277.61890817716863	Host-associated	Multicellular	Eukaryota	Fungi	Ascomycota	Pezizomycotina	Sordariomycetes	Xylariomycetidae	NA	Xylariales	NA	NA	Diatrypaceae	NA	Eutypa	n
UP000001805	NEUCR	367110	Neurospora crassa	9759	99.2	eukaryota_odb12	3880	45.68031803886781	285.57315940151267	Terrestrial	Multicellular	Eukaryota	Fungi	Ascomycota	Pezizomycotina	Sordariomycetes	Sordariomycetidae	NA	Sordariales	NA	NA	Sordariaceae	NA	Neurospora	y
UP000011715	MAGP6	644358	Magnaporthiopsis poae	11206	65.1	eukaryota_odb12	3480	0	264.88669628096864	Terrestrial	Multicellular	Eukaryota	Fungi	Ascomycota	Pezizomycotina	Sordariomycetes	Sordariomycetidae	NA	Magnaporthales	NA	NA	Magnaporthaceae	NA	Magnaporthiopsis	n
UP000009058	MAGO7	242507	Pyricularia oryzae	12676	98.4	eukaryota_odb12	3895	47.70413171936181	287.0062248632493	Host-associated	Unicellular	Eukaryota	Fungi	Ascomycota	Pezizomycotina	Sordariomycetes	Sordariomycetidae	NA	Magnaporthales	NA	NA	Pyriculariaceae	NA	Pyricularia	n
UP000001611	VERDV	498257	Verticillium dahliae	10530	88.4	eukaryota_odb12	3840	48.18327119931024	286.52323186567895	Host-associated	Multicellular	Eukaryota	Fungi	Ascomycota	Pezizomycotina	Sordariomycetes	Hypocreomycetidae	NA	Glomerellales	NA	NA	Plectosphaerellaceae	NA	Verticillium	n
UP000027238	COLSU	1173701	Colletotrichum sublineola	12697	100	eukaryota_odb12	3958	0	284.5683639172075	Host-associated	Multicellular	Eukaryota	Fungi	Ascomycota	Pezizomycotina	Sordariomycetes	Hypocreomycetidae	NA	Glomerellales	NA	NA	Glomerellaceae	NA	Colletotrichum	n
UP000009096	GIBM7	334819	Fusarium verticillioides	15889	98.4	eukaryota_odb12	4093	52.576820798822524	295.594303293038	Host-associated	Multicellular	Eukaryota	Fungi	Ascomycota	Pezizomycotina	Sordariomycetes	Hypocreomycetidae	NA	Hypocreales	NA	NA	Nectriaceae	NA	Fusarium	n
UP000005426	HYPAI	452589	Trichoderma atroviride	11770	97.7	eukaryota_odb12	3947	0	290.05479495793946	Terrestrial	Multicellular	Eukaryota	Fungi	Ascomycota	Pezizomycotina	Sordariomycetes	Hypocreomycetidae	NA	Hypocreales	NA	NA	Hypocreaceae	NA	Trichoderma	n
UP000235728	BEABA	176275	Beauveria bassiana	10656	91.5	eukaryota_odb12	3802	0	273.4004036254209	Host-associated	Multicellular	Eukaryota	Fungi	Ascomycota	Pezizomycotina	Sordariomycetes	Hypocreomycetidae	NA	Hypocreales	NA	NA	Cordycipitaceae	NA	Beauveria	n
UP000001357	MONBE	81824	Monosiga brevicollis	9188	79.1	eukaryota_odb12	3456	57.79921931901129	336.3445110999114	Aquatic	Unicellular	Eukaryota	NA	NA	NA	Choanoflagellata	NA	NA	Craspedida	NA	NA	Salpingoecidae	NA	Monosiga	n
UP000007879	AMPQE	400682	Amphimedon queenslandica	43435	89.1	eukaryota_odb12	4476	72.160202878419	441.0220360947793	Host-associated	Multicellular	Eukaryota	Metazoa	Porifera	NA	Demospongiae	Heteroscleromorpha	NA	Haplosclerida	NA	NA	Niphatidae	NA	Amphimedon	n
UP000009022	TRIAD	10228	Trichoplax adhaerens	11518	90.7	eukaryota_odb12	4282	69.46573163317244	430.20457458978586	Aquatic	Multicellular	Eukaryota	Metazoa	Placozoa	NA	NA	NA	NA	NA	NA	NA	Trichoplacidae	NA	Trichoplax	n
UP000001593	NEMVE	45351	Nematostella vectensis	24428	89.1	eukaryota_odb12	5030	83.60601134594575	477.59470340047295	Aquatic	Multicellular	Eukaryota	Metazoa	Cnidaria	NA	Anthozoa	Hexacorallia	NA	Actiniaria	NA	NA	Edwardsiidae	NA	Nematostella	n
UP000008854	SCHMA	6183	Schistosoma mansoni	6801	89.9	eukaryota_odb12	3715	57.51574866222196	394.11332134735534	Host-associated	Multicellular	Eukaryota	Metazoa	Platyhelminthes	NA	Trematoda	Digenea	NA	Strigeidida	NA	Schistosomatoidea	Schistosomatidae	NA	Schistosoma	n
UP000053454	OCTBM	37653	Octopus bimaculoides	32794	76	eukaryota_odb12	4989	71.66431686946129	492.31902265874083	Aquatic	Multicellular	Eukaryota	Metazoa	Mollusca	NA	Cephalopoda	Coleoidea	Octopodiformes	Octopoda	Incirrata	NA	Octopodidae	NA	Octopus	n
UP000030746	LOTGI	225164	Lottia gigantea	23671	89.9	eukaryota_odb12	5069	74.58184448099261	494.28281727745866	Aquatic	Multicellular	Eukaryota	Metazoa	Mollusca	NA	Gastropoda	Patellogastropoda	NA	NA	NA	Lottioidea	Lottiidae	NA	Lottia	n
UP000085678	LINUN	7574	Lingula anatina	26679	98.4	eukaryota_odb12	5468	80.28548867707063	523.0570693984304	Aquatic	Multicellular	Eukaryota	Metazoa	Brachiopoda	Linguliformea	Lingulata	NA	NA	Lingulida	NA	Linguloidea	Lingulidae	NA	Lingula	n
UP000015101	HELRO	6412	Helobdella robusta	23328	89.9	eukaryota_odb12	4307	67.74426471242442	461.6231528979818	Aquatic	Multicellular	Eukaryota	Metazoa	Annelida	NA	Clitellata	Hirudinea	NA	Hirudinida	Glossiphoniiformes	NA	Glossiphoniidae	NA	Helobdella	n
UP000014760	CAPTE	283909	Capitella teleta	31133	91.5	eukaryota_odb12	5413	0	492.51394850559876	Aquatic	Multicellular	Eukaryota	Metazoa	Annelida	NA	Polychaeta	Sedentaria	NA	NA	NA	NA	Capitellidae	NA	Capitella	n
UP000054776	TRISP	6334	Trichinella spiralis	14258	85.3	eukaryota_odb12	3610	58.66002599011571	344.39819346631174	Host-associated	Multicellular	Eukaryota	Metazoa	Nematoda	NA	Enoplea	Dorylaimia	NA	Trichinellida	NA	NA	Trichinellidae	NA	Trichinella	n
UP000276776	THECL	103827	Thelazia callipaeda	10885	89.9	eukaryota_odb12	3721	0	379.91521210704207	Host-associated	Multicellular	Eukaryota	Metazoa	Nematoda	NA	Chromadorea	NA	NA	Rhabditida	Spirurina	Thelazioidea	Thelaziidae	NA	Thelazia	n
UP000095285	LOALO	7209	Loa loa	12161	93.8	eukaryota_odb12	3772	67.83366902782262	383.7481174229091	Host-associated	Multicellular	Eukaryota	Metazoa	Nematoda	NA	Chromadorea	NA	NA	Rhabditida	Spirurina	Filarioidea	Onchocercidae	NA	Loa	n
UP000035682	STRRB	34506	Strongyloides ratti	9956	81.4	eukaryota_odb12	3347	0	350.10235991230013	Host-associated	Multicellular	Eukaryota	Metazoa	Nematoda	NA	Chromadorea	NA	NA	Rhabditida	Tylenchina	Strongyloidoidea	Strongyloididae	NA	Strongyloides	n
UP000005239	PRIPA	54126	Pristionchus pacificus	25205	82.2	eukaryota_odb12	3752	0	337.6465254548741	Terrestrial	Multicellular	Eukaryota	Metazoa	Nematoda	NA	Chromadorea	NA	NA	Rhabditida	Rhabditina	Diplogasteroidea	Neodiplogasteridae	NA	Pristionchus	n
UP000001940	CAEEL	6239	Caenorhabditis elegans	19942	96.9	eukaryota_odb12	4024	76.11318120029998	398.0454723310174	Terrestrial	Multicellular	Eukaryota	Metazoa	Nematoda	NA	Chromadorea	NA	NA	Rhabditida	Rhabditina	Rhabditoidea	Rhabditidae	Peloderinae	Caenorhabditis	y
UP000008068	CAEBE	135651	Caenorhabditis brenneri	29979	91.5	eukaryota_odb12	3970	0	393.2024715815812	Terrestrial	Multicellular	Eukaryota	Metazoa	Nematoda	NA	Chromadorea	NA	NA	Rhabditida	Rhabditina	Rhabditoidea	Rhabditidae	Peloderinae	Caenorhabditis	n
UP000192578	HYPDU	232323	Hypsibius dujardini	14162	78.3	eukaryota_odb12	3729	0	381.23722743328716	Aquatic	Multicellular	Eukaryota	Metazoa	Tardigrada	NA	Eutardigrada	NA	NA	Parachela	NA	Hypsibioidea	Hypsibiidae	NA	Hypsibius	n
UP000015104	TETUR	32264	Tetranychus urticae	17526	88.4	eukaryota_odb12	3923	54.262440783092806	416.2561232632555	Terrestrial	Multicellular	Eukaryota	Metazoa	Arthropoda	Chelicerata	Arachnida	Acari	Acariformes	Trombidiformes	Prostigmata	Tetranychoidea	Tetranychidae	NA	Tetranychus	n
UP000001555	IXOSC	6945	Ixodes scapularis	20473	65.1	eukaryota_odb12	4322	63.805820738807185	435.7391904970199	Terrestrial	Multicellular	Eukaryota	Metazoa	Arthropoda	Chelicerata	Arachnida	Acari	Parasitiformes	Ixodida	NA	Ixodoidea	Ixodidae	Ixodinae	Ixodes	n
UP000000305	DAPPU	6669	Daphnia pulex	30118	93.8	eukaryota_odb12	4608	63.626553901060326	449.5622786946374	Aquatic	Multicellular	Eukaryota	Metazoa	Arthropoda	Crustacea	Branchiopoda	Phyllopoda	NA	Diplostraca	Cladocera	NA	Daphniidae	NA	Daphnia	y
UP000094527	ORCCI	48709	Orchesella cincta	20218	82.2	eukaryota_odb12	4268	0	418.75395003105507	Terrestrial	Multicellular	Eukaryota	Metazoa	Arthropoda	Hexapoda	Collembola	NA	NA	Entomobryomorpha	NA	Entomobryoidea	Orchesellidae	Orchesellinae	Orchesella	n
UP000198287	FOLCA	158441	Folsomia candida	28565	79.8	eukaryota_odb12	4138	65.59374241544444	380.5118825380678	Terrestrial	Multicellular	Eukaryota	Metazoa	Arthropoda	Hexapoda	Collembola	NA	NA	Entomobryomorpha	NA	Isotomoidea	Isotomidae	Proisotominae	Folsomia	n
UP000009046	PEDHC	121224	Pediculus humanus	10761	95.3	eukaryota_odb12	4467	66.33185485847515	436.6156227716093	Host-associated	Multicellular	Eukaryota	Metazoa	Arthropoda	Hexapoda	Insecta	Pterygota	Psocodea	Phthiraptera	Anoplura	NA	Pediculidae	NA	Pediculus	n
UP000027135	ZOONE	136037	Zootermopsis nevadensis	14539	93.8	eukaryota_odb12	4576	67.80957988131688	428.2415917529105	Terrestrial	Multicellular	Eukaryota	Metazoa	Arthropoda	Hexapoda	Insecta	Pterygota	NA	Blattodea	NA	Blattoidea	Termopsidae	Termopsinae	Zootermopsis	n
UP000015103	RHOPR	13249	Rhodnius prolixus	14929	80.6	eukaryota_odb12	4497	0	410.1960475784236	Terrestrial	Multicellular	Eukaryota	Metazoa	Arthropoda	Hexapoda	Insecta	Pterygota	NA	Hemiptera	Heteroptera	Reduvioidea	Reduviidae	Triatominae	Rhodnius	n
UP000079169	DIACI	121845	Diaphorina citri	19805	60.5	eukaryota_odb12	4218	66.36268044139645	393.44646197149456	Host-associated	Multicellular	Eukaryota	Metazoa	Arthropoda	Hexapoda	Insecta	Pterygota	NA	Hemiptera	Sternorrhyncha	Psylloidea	Liviidae	NA	Diaphorina	n
UP000007819	ACYPI	7029	Acyrthosiphon pisum	35816	97.7	eukaryota_odb12	4901	70.24950917880858	431.45832361291014	Terrestrial	Multicellular	Eukaryota	Metazoa	Arthropoda	Hexapoda	Insecta	Pterygota	NA	Hemiptera	Sternorrhyncha	Aphidoidea	Aphididae	Aphidinae	Acyrthosiphon	n
UP000002358	NASVI	7425	Nasonia vitripennis	17019	96.9	eukaryota_odb12	4595	65.80369877903034	435.3268812189206	Terrestrial	Multicellular	Eukaryota	Metazoa	Arthropoda	Hexapoda	Insecta	Pterygota	NA	Hymenoptera	Apocrita	Chalcidoidea	Pteromalidae	Pteromalinae	Nasonia	n
UP000000311	CAMFO	104421	Camponotus floridanus	14787	93.8	eukaryota_odb12	4597	64.7631227912333	421.0968717153704	Terrestrial	Multicellular	Eukaryota	Metazoa	Arthropoda	Hexapoda	Insecta	Pterygota	NA	Hymenoptera	Apocrita	Formicoidea	Formicidae	Formicinae	Camponotus	n
UP000005203	APIME	7460	Apis mellifera	15321	99.2	eukaryota_odb12	4660	65.41267903259279	437.18255094537676	Terrestrial	Multicellular	Eukaryota	Metazoa	Arthropoda	Hexapoda	Insecta	Pterygota	NA	Hymenoptera	Apocrita	Apoidea	Apidae	Apinae	Apis	n
UP000007266	TRICA	7070	Tribolium castaneum	16568	94.6	eukaryota_odb12	4725	67.91857235145409	443.68683570497024	Terrestrial	Multicellular	Eukaryota	Metazoa	Arthropoda	Hexapoda	Insecta	Pterygota	NA	Coleoptera	Polyphaga	Tenebrionoidea	Tenebrionidae	NA	Tribolium	n
UP000030742	DENPD	77166	Dendroctonus ponderosae	12069	89.9	eukaryota_odb12	4341	64.56113729586892	398.62940541760474	Terrestrial	Multicellular	Eukaryota	Metazoa	Arthropoda	Hexapoda	Insecta	Pterygota	NA	Coleoptera	Polyphaga	Curculionoidea	Curculionidae	Scolytinae	Dendroctonus	n
UP000005204	BOMMO	7091	Bombyx mori	14773	79.1	eukaryota_odb12	4275	0	422.1130178637835	Terrestrial	Multicellular	Eukaryota	Metazoa	Arthropoda	Hexapoda	Insecta	Pterygota	Amphiesmenoptera	Lepidoptera	Glossata	Bombycoidea	Bombycidae	Bombycinae	Bombyx	n
UP000007062	ANOGA	7165	Anopheles gambiae	12521	99.2	eukaryota_odb12	4553	81.22852933242264	438.84146671950606	Terrestrial	Multicellular	Eukaryota	Metazoa	Arthropoda	Hexapoda	Insecta	Pterygota	NA	Diptera	Nematocera	Culicoidea	Culicidae	Anophelinae	Anopheles	y
UP000000673	ANODA	43151	Anopheles darlingi	10447	89.9	eukaryota_odb12	4292	0	402.83500029010634	Terrestrial	Multicellular	Eukaryota	Metazoa	Arthropoda	Hexapoda	Insecta	Pterygota	NA	Diptera	Nematocera	Culicoidea	Culicidae	Anophelinae	Anopheles	n
UP000015102	MEGSC	36166	Megaselia scalaris	11461	20.9	eukaryota_odb12	2751	0	256.03693569767466	Terrestrial	Multicellular	Eukaryota	Metazoa	Arthropoda	Hexapoda	Insecta	Pterygota	NA	Diptera	Brachycera	Platypezoidea	Phoridae	Metopininae	Megaselia	n
UP000037069	LUCCU	7375	Lucilia cuprina	14353	89.1	eukaryota_odb12	4415	8.207357644400936	389.38259796912604	Terrestrial	Multicellular	Eukaryota	Metazoa	Arthropoda	Hexapoda	Insecta	Pterygota	NA	Diptera	Brachycera	Oestroidea	Calliphoridae	Luciliinae	Lucilia	n
UP000007798	DROWI	7260	Drosophila willistoni	13729	99.2	eukaryota_odb12	4574	5.338378998124438	410.48419214198503	Terrestrial	Multicellular	Eukaryota	Metazoa	Arthropoda	Hexapoda	Insecta	Pterygota	NA	Diptera	Brachycera	Ephydroidea	Drosophilidae	Drosophilinae	Drosophila	n
UP000001819	DROPS	46245	Drosophila pseudoobscura	14493	98.4	eukaryota_odb12	4604	5.319782462373653	408.4014702681083	Terrestrial	Multicellular	Eukaryota	Metazoa	Arthropoda	Hexapoda	Insecta	Pterygota	NA	Diptera	Brachycera	Ephydroidea	Drosophilidae	Drosophilinae	Drosophila	y
UP000000803	DROME	7227	Drosophila melanogaster	13790	99.2	eukaryota_odb12	4611	5.629463330590764	412.8366238248399	Terrestrial	Multicellular	Eukaryota	Metazoa	Arthropoda	Hexapoda	Insecta	Pterygota	NA	Diptera	Brachycera	Ephydroidea	Drosophilidae	Drosophilinae	Drosophila	y
UP000007110	STRPU	7668	Strongylocentrotus purpuratus	28594	99.2	eukaryota_odb12	5282	80.46749186012181	553.7799688080624	Aquatic	Multicellular	Eukaryota	Metazoa	Echinodermata	NA	Echinoidea	Euechinoidea	Echinacea	Camarodonta	NA	NA	Strongylocentrotidae	NA	Strongylocentrotus	n
UP000001554	BRAFL	7739	Branchiostoma floridae	28542	82.9	eukaryota_odb12	5168	82.59057224630187	506.4507563334669	Aquatic	Multicellular	Eukaryota	Metazoa	Chordata	Cephalochordata	Leptocardii	NA	NA	Amphioxiformes	NA	NA	Branchiostomidae	NA	Branchiostoma	n
UP000007875	CIOSA	51511	Ciona savignyi	11592	80.6	eukaryota_odb12	3874	0	447.3157610256437	Aquatic	Multicellular	Eukaryota	Metazoa	Chordata	Tunicata	Ascidiacea	NA	NA	Phlebobranchia	NA	NA	Cionidae	NA	Ciona	n
UP000245300	PETMA	7757	Petromyzon marinus	10375	46.5	eukaryota_odb12	3913	0	407.1344788631358	Aquatic	Multicellular	Eukaryota	Metazoa	Chordata	Craniata	Hyperoartia	NA	NA	Petromyzontiformes	NA	NA	Petromyzontidae	NA	Petromyzon	n
UP000018468	LEPOC	7918	Lepisosteus oculatus	18317	96.1	eukaryota_odb12	5917	65.68142264269017	558.2049760863143	Aquatic	Multicellular	Eukaryota	Metazoa	Chordata	Craniata	Actinopteri	Neopterygii	NA	Semionotiformes	NA	NA	Lepisosteidae	NA	Lepisosteus	n
UP000000437	DANRE	7955	Danio rerio	25697	96.9	eukaryota_odb12	6004	67.81480996794116	579.5466750682917	Aquatic	Multicellular	Eukaryota	Metazoa	Chordata	Craniata	Actinopteri	Neopterygii	Cypriniphysae	Cypriniformes	Cyprinoidei	NA	Danionidae	Danioninae	Danio	y
UP000018467	ASTMX	7994	Astyanax mexicanus	26658	96.9	eukaryota_odb12	6033	0	568.2177498218632	Aquatic	Multicellular	Eukaryota	Metazoa	Chordata	Craniata	Actinopteri	Neopterygii	Characiphysae	Characiformes	Characoidei	NA	Characidae	Stethaprioninae	Astyanax	n
UP000265140	ESOLU	8010	Esox lucius	23942	97.7	eukaryota_odb12	6063	68.72882593379013	569.5833383201685	Aquatic	Multicellular	Eukaryota	Metazoa	Chordata	Craniata	Actinopteri	Neopterygii	NA	Esociformes	NA	NA	Esocidae	NA	Esox	n
UP000265120	CYNSE	244447	Cynoglossus semilaevis	21333	97.7	eukaryota_odb12	5874	0	553.2454188071678	Aquatic	Multicellular	Eukaryota	Metazoa	Chordata	Craniata	Actinopteri	Neopterygii	NA	Pleuronectiformes	Pleuronectoidei	NA	Cynoglossidae	Cynoglossinae	Cynoglossus	n
UP000005226	TAKRU	31033	Takifugu rubripes	20591	95.3	eukaryota_odb12	5797	119.9006389437159	533.3951509949986	Aquatic	Multicellular	Eukaryota	Metazoa	Chordata	Craniata	Actinopteri	Neopterygii	NA	Tetraodontiformes	Tetraodontoidei	Tetradontoidea	Tetraodontidae	NA	Takifugu	y
UP000265040	ANATE	64144	Anabas testudineus	24545	99.2	eukaryota_odb12	5496	0	560.0482712763338	Aquatic	Multicellular	Eukaryota	Metazoa	Chordata	Craniata	Actinopteri	Neopterygii	NA	Anabantiformes	Anabantoidei	NA	Anabantidae	NA	Anabas	n
UP000246464	SCOMX	52904	Scophthalmus maximus	21116	87.6	eukaryota_odb12	5765	0	507.1180852924004	Aquatic	Multicellular	Eukaryota	Metazoa	Chordata	Craniata	Actinopteri	Neopterygii	NA	Pleuronectiformes	Pleuronectoidei	NA	Scophthalmidae	NA	Scophthalmus	n
UP000007635	GASAC	69293	Gasterosteus aculeatus	20665	96.1	eukaryota_odb12	5672	121.38307755653113	539.2344213329611	Aquatic	Multicellular	Eukaryota	Metazoa	Chordata	Craniata	Actinopteri	Neopterygii	NA	Perciformes	Cottioidei	NA	Gasterosteidae	NA	Gasterosteus	n
UP000261580	NEOBR	32507	Neolamprologus brichardi	23549	89.9	eukaryota_odb12	5788	0	547.8820132081328	Aquatic	Multicellular	Eukaryota	Metazoa	Chordata	Craniata	Actinopteri	Neopterygii	Cichlomorphae	Cichliformes	NA	NA	Cichlidae	Pseudocrenilabrinae	Neolamprologus	n
UP000257160	AMPOC	80972	Amphiprion ocellaris	23428	99.2	eukaryota_odb12	5975	0	559.9874264334006	Aquatic	Multicellular	Eukaryota	Metazoa	Chordata	Craniata	Actinopteri	Neopterygii	NA	NA	NA	NA	Pomacentridae	NA	Amphiprion	n
UP000001038	ORYLA	8090	Oryzias latipes	23617	94.6	eukaryota_odb12	5921	12.739858855199053	549.0622190002433	Aquatic	Multicellular	Eukaryota	Metazoa	Chordata	Craniata	Actinopteri	Neopterygii	Atherinomorphae	Beloniformes	Adrianichthyoidei	NA	Adrianichthyidae	Oryziinae	Oryzias	y
UP000002852	XIPMA	8083	Xiphophorus maculatus	23670	98.4	eukaryota_odb12	5971	12.245685254958948	553.8794708268064	Aquatic	Multicellular	Eukaryota	Metazoa	Chordata	Craniata	Actinopteri	Neopterygii	Atherinomorphae	Cyprinodontiformes	Cyprinodontoidei	NA	Poeciliidae	Poeciliinae	Xiphophorus	n
UP000265020	CYPVA	28743	Cyprinodon variegatus	22943	92.2	eukaryota_odb12	5864	12.231986959277046	550.3371200362046	Aquatic	Multicellular	Eukaryota	Metazoa	Chordata	Craniata	Actinopteri	Neopterygii	Atherinomorphae	Cyprinodontiformes	Cyprinodontoidei	NA	Cyprinodontidae	Cyprinodontinae	Cyprinodon	n
UP000008672	LATCH	7897	Latimeria chalumnae	19568	84.5	eukaryota_odb12	5833	62.217373181403126	549.8635896677856	Aquatic	Multicellular	Eukaryota	Metazoa	Chordata	Craniata	Coelacanthimorpha	NA	NA	Coelacanthiformes	NA	NA	Coelacanthidae	NA	Latimeria	n
UP000008143	XENTR	8364	Xenopus tropicalis	35973	85.3	eukaryota_odb12	5220	60.93462155791809	516.0922834539019	Amphibian	Multicellular	Eukaryota	Metazoa	Chordata	Craniata	Amphibia	NA	Batrachia	Anura	NA	Pipoidea	Pipidae	Xenopodinae	Xenopus	y
UP000186698	XENLA	8355	Xenopus laevis	43235	95.3	eukaryota_odb12	6129	65.822132520858	572.3725489805436	Amphibian	Multicellular	Eukaryota	Metazoa	Chordata	Craniata	Amphibia	NA	Batrachia	Anura	NA	Pipoidea	Pipidae	Xenopodinae	Xenopus	y
UP000001646	ANOCA	28377	Anolis carolinensis	18525	88.4	eukaryota_odb12	5859	63.59472895038933	543.6784000033888	Terrestrial	Multicellular	Eukaryota	Metazoa	Chordata	Craniata	Lepidosauria	NA	NA	Squamata	Iguania	NA	Dactyloidae	NA	Anolis	n
UP000007267	PELSI	13735	Pelodiscus sinensis	18109	82.2	eukaryota_odb12	5775	63.674219411828076	536.7665087312146	Aquatic	Multicellular	Eukaryota	Metazoa	Chordata	Craniata	NA	NA	NA	Testudines	Cryptodira	Trionychia	Trionychidae	NA	Pelodiscus	n
UP000007754	TAEGU	59729	Taeniopygia guttata	17428	95.3	eukaryota_odb12	5903	64.89291052796052	534.1407018699483	Terrestrial	Multicellular	Eukaryota	Metazoa	Chordata	Craniata	Aves	NA	NA	Passeriformes	NA	Passeroidea	Estrildidae	Estrildinae	Taeniopygia	n
UP000016665	FICAL	59894	Ficedula albicollis	15289	95.3	eukaryota_odb12	5714	61.70553976299501	513.1545900465042	Terrestrial	Multicellular	Eukaryota	Metazoa	Chordata	Craniata	Aves	NA	NA	Passeriformes	NA	NA	Muscicapidae	NA	Ficedula	n
UP000296049	ANAPL	8839	Anas platyrhynchos	16574	68.2	eukaryota_odb12	5010	0	427.75324272999137	Aquatic	Multicellular	Eukaryota	Metazoa	Chordata	Craniata	Aves	NA	Galloanserae	Anseriformes	NA	NA	Anatidae	Anatinae	Anas	n
UP000001645	MELGA	9103	Meleagris gallopavo	14164	82.2	eukaryota_odb12	5450	60.796081591987445	484.36612204949756	Terrestrial	Multicellular	Eukaryota	Metazoa	Chordata	Craniata	Aves	NA	Galloanserae	Galliformes	NA	NA	Phasianidae	Meleagridinae	Meleagris	n
UP000000539	CHICK	9031	Gallus gallus	18117	96.9	eukaryota_odb12	5920	65.99880079313294	549.1811236817696	Terrestrial	Multicellular	Eukaryota	Metazoa	Chordata	Craniata	Aves	NA	Galloanserae	Galliformes	NA	NA	Phasianidae	Phasianinae	Gallus	y
UP000002279	ORNAN	9258	Ornithorhynchus anatinus	21677	92.2	eukaryota_odb12	6121	227.10184179635388	561.4575978175257	Amphibian	Multicellular	Eukaryota	Metazoa	Chordata	Craniata	Mammalia	NA	NA	Monotremata	NA	NA	Ornithorhynchidae	NA	Ornithorhynchus	n
UP000007648	SARHA	9305	Sarcophilus harrisii	18776	93.8	eukaryota_odb12	6206	227.60461307358878	561.086276236728	Terrestrial	Multicellular	Eukaryota	Metazoa	Chordata	Craniata	Mammalia	NA	NA	Dasyuromorphia	NA	NA	Dasyuridae	NA	Sarcophilus	n
UP000002280	MONDO	13616	Monodelphis domestica	21223	96.9	eukaryota_odb12	6266	225.8243396213559	554.689856497571	Terrestrial	Multicellular	Eukaryota	Metazoa	Chordata	Craniata	Mammalia	NA	NA	Didelphimorphia	NA	NA	Didelphidae	Didelphinae	Monodelphis	n
UP000079721	ERIEU	9365	Erinaceus europaeus	19242	94.6	eukaryota_odb12	6437	0	586.2241925548522	Terrestrial	Multicellular	Eukaryota	Metazoa	Chordata	Craniata	Mammalia	NA	Laurasiatheria	Eulipotyphla	NA	NA	Erinaceidae	Erinaceinae	Erinaceus	n
UP000007646	LOXAF	9785	Loxodonta africana	20015	96.1	eukaryota_odb12	6334	232.02816536764857	566.1050756769771	Terrestrial	Multicellular	Eukaryota	Metazoa	Chordata	Craniata	Mammalia	NA	Afrotheria	Proboscidea	NA	NA	Elephantidae	NA	Loxodonta	n
UP000001074	MYOLU	59463	Myotis lucifugus	19655	92.2	eukaryota_odb12	6190	227.11194872104215	549.6754806397265	Terrestrial	Multicellular	Eukaryota	Metazoa	Chordata	Craniata	Mammalia	NA	Laurasiatheria	Chiroptera	Microchiroptera	NA	Vespertilionidae	NA	Myotis	n
UP000245320	TURTR	9739	Tursiops truncatus	17075	99.2	eukaryota_odb12	6520	0	575.2438111658056	Aquatic	Multicellular	Eukaryota	Metazoa	Chordata	Craniata	Mammalia	NA	Laurasiatheria	Artiodactyla	Whippomorpha	NA	Delphinidae	NA	Tursiops	n
UP000002356	SHEEP	9940	Ovis aries	21212	89.1	eukaryota_odb12	6471	226.24590478196026	568.1269146542566	Terrestrial	Multicellular	Eukaryota	Metazoa	Chordata	Craniata	Mammalia	NA	Laurasiatheria	Artiodactyla	Ruminantia	NA	Bovidae	Caprinae	Ovis	n
UP000009136	BOVIN	9913	Bos taurus	23844	99.2	eukaryota_odb12	6534	228.9584342948672	582.8764152526059	Terrestrial	Multicellular	Eukaryota	Metazoa	Chordata	Craniata	Mammalia	NA	Laurasiatheria	Artiodactyla	Ruminantia	NA	Bovidae	Bovinae	Bos	y
UP000002281	HORSE	9796	Equus caballus	20845	96.9	eukaryota_odb12	6518	232.05747759919456	574.1656529091993	Terrestrial	Multicellular	Eukaryota	Metazoa	Chordata	Craniata	Mammalia	NA	Laurasiatheria	Perissodactyla	NA	NA	Equidae	NA	Equus	n
UP000011712	FELCA	9685	Felis catus	19645	96.9	eukaryota_odb12	6483	230.83127823508806	574.124977972938	Terrestrial	Multicellular	Eukaryota	Metazoa	Chordata	Craniata	Mammalia	NA	Laurasiatheria	Carnivora	Feliformia	NA	Felidae	Felinae	Felis	n
UP000002254	CANLF	9615	Canis lupus	20624	96.1	eukaryota_odb12	6428	228.6616353666466	563.9629026731238	Terrestrial	Multicellular	Eukaryota	Metazoa	Chordata	Craniata	Mammalia	NA	Laurasiatheria	Carnivora	Caniformia	NA	Canidae	NA	Canis	y
UP000291022	URSAM	9643	Ursus americanus	20403	83.7	eukaryota_odb12	6177	228.98054100944634	534.4911628837242	Terrestrial	Multicellular	Eukaryota	Metazoa	Chordata	Craniata	Mammalia	NA	Laurasiatheria	Carnivora	Caniformia	NA	Ursidae	NA	Ursus	n
UP000000715	MUSPF	9669	Mustela putorius	19902	96.1	eukaryota_odb12	6218	0	558.3700842736846	Terrestrial	Multicellular	Eukaryota	Metazoa	Chordata	Craniata	Mammalia	NA	Laurasiatheria	Carnivora	Caniformia	NA	Mustelidae	Mustelinae	Mustela	n
UP000001811	RABIT	9986	Oryctolagus cuniculus	21178	82.2	eukaryota_odb12	6174	230.48131284626007	533.1620536177893	Terrestrial	Multicellular	Eukaryota	Metazoa	Chordata	Craniata	Mammalia	NA	Euarchontoglires	Lagomorpha	NA	NA	Leporidae	NA	Oryctolagus	n
UP000005215	ICTTR	43179	Ictidomys tridecemlineatus	18440	93	eukaryota_odb12	6334	0	564.4453473214138	Terrestrial	Multicellular	Eukaryota	Metazoa	Chordata	Craniata	Mammalia	NA	Euarchontoglires	Rodentia	Sciuromorpha	NA	Sciuridae	Xerinae	Ictidomys	n
UP000028990	FUKDA	885580	Fukomys damarensis	20401	88.4	eukaryota_odb12	6041	0	517.8139656962301	Terrestrial	Multicellular	Eukaryota	Metazoa	Chordata	Craniata	Mammalia	NA	Euarchontoglires	Rodentia	Hystricomorpha	NA	Bathyergidae	NA	Fukomys	n
UP000005447	CAVPO	10141	Cavia porcellus	18247	100	eukaryota_odb12	6340	0	568.9207726189786	Terrestrial	Multicellular	Eukaryota	Metazoa	Chordata	Craniata	Mammalia	NA	Euarchontoglires	Rodentia	Hystricomorpha	NA	Caviidae	NA	Cavia	n
UP000081671	DIPOR	10020	Dipodomys ordii	19730	93	eukaryota_odb12	6436	0	564.3870002227543	Terrestrial	Multicellular	Eukaryota	Metazoa	Chordata	Craniata	Mammalia	NA	Euarchontoglires	Rodentia	Castorimorpha	NA	Heteromyidae	Dipodomyinae	Dipodomys	n
UP000000589	MOUSE	10090	Mus musculus	21982	100	eukaryota_odb12	6564	39.99935987882721	585.2758477105606	Terrestrial	Multicellular	Eukaryota	Metazoa	Chordata	Craniata	Mammalia	NA	Euarchontoglires	Rodentia	Myomorpha	NA	Muridae	Murinae	Mus	y
UP000001075	CRIGR	10029	Cricetulus griseus	23874	72.9	eukaryota_odb12	5898	11.901510799401294	496.43402691305363	Terrestrial	Multicellular	Eukaryota	Metazoa	Chordata	Craniata	Mammalia	NA	Euarchontoglires	Rodentia	Myomorpha	NA	Cricetidae	Cricetinae	Cricetulus	n
UP000005225	OTOGA	30611	Otolemur garnettii	19443	97.7	eukaryota_odb12	6327	238.66688814333793	570.6392462154731	Terrestrial	Multicellular	Eukaryota	Metazoa	Chordata	Craniata	Mammalia	NA	Euarchontoglires	Primates	Strepsirrhini	NA	Galagidae	NA	Otolemur	n
UP000233160	PROCO	379532	Propithecus coquereli	17876	89.1	eukaryota_odb12	6309	0	559.6963457415775	Terrestrial	Multicellular	Eukaryota	Metazoa	Chordata	Craniata	Mammalia	NA	Euarchontoglires	Primates	Strepsirrhini	NA	Indriidae	NA	Propithecus	n
UP000189704	TARSY	1868482	Carlito syrichta	19956	91.5	eukaryota_odb12	6362	0	563.7308807028943	Terrestrial	Multicellular	Eukaryota	Metazoa	Chordata	Craniata	Mammalia	NA	Euarchontoglires	Primates	Haplorrhini	NA	Tarsiidae	NA	Carlito	n
UP000008225	CALJA	9483	Callithrix jacchus	22587	99.2	eukaryota_odb12	6510	238.93891211688174	571.4206907290379	Terrestrial	Multicellular	Eukaryota	Metazoa	Chordata	Craniata	Mammalia	NA	Euarchontoglires	Primates	Haplorrhini	NA	Cebidae	Callitrichinae	Callithrix	n
UP000233020	AOTNA	37293	Aotus nancymaae	20363	98.4	eukaryota_odb12	6454	0	569.9183893535007	Terrestrial	Multicellular	Eukaryota	Metazoa	Chordata	Craniata	Mammalia	NA	Euarchontoglires	Primates	Haplorrhini	NA	Aotidae	NA	Aotus	n
UP000006718	MACMU	9544	Macaca mulatta	21868	97.7	eukaryota_odb12	6496	225.0817538332255	570.6545805446784	Terrestrial	Multicellular	Eukaryota	Metazoa	Chordata	Craniata	Mammalia	NA	Euarchontoglires	Primates	Haplorrhini	Cercopithecoidea	Cercopithecidae	Cercopithecinae	Macaca	n
UP000001073	NOMLE	61853	Nomascus leucogenys	20753	86.8	eukaryota_odb12	6465	221.6190081133063	566.09930850794	Terrestrial	Multicellular	Eukaryota	Metazoa	Chordata	Craniata	Mammalia	NA	Euarchontoglires	Primates	Haplorrhini	Hominoidea	Hylobatidae	NA	Nomascus	n
UP000001595	PONAB	9601	Pongo abelii	21992	92.2	eukaryota_odb12	6439	221.65035674292105	567.7199842783805	Terrestrial	Multicellular	Eukaryota	Metazoa	Chordata	Craniata	Mammalia	NA	Euarchontoglires	Primates	Haplorrhini	Hominoidea	Hominidae	Ponginae	Pongo	n
UP000005640	HUMAN	9606	Homo sapiens	20605	100	eukaryota_odb12	6635	227.26681262270031	592.5860290234111	Terrestrial	Multicellular	Eukaryota	Metazoa	Chordata	Craniata	Mammalia	NA	Euarchontoglires	Primates	Haplorrhini	Hominoidea	Hominidae	Homininae	Homo	y
UP000000332	BRAP9	759914	Brachyspira pilosicoli	2301	94.8	bacteria_odb12	1457	33.23040808393294	21.12865969560174	NA	NA	Bacteria	NA	Spirochaetes	NA	Spirochaetia	NA	NA	Brachyspirales	NA	NA	Brachyspiraceae	NA	Brachyspira	n
UP000006048	TURPD	869212	Turneriella parva	4092	91.4	bacteria_odb12	1840	41.64889039646018	31.75097691252355	NA	NA	Bacteria	NA	Spirochaetes	NA	Spirochaetia	NA	NA	Leptospirales	NA	NA	Leptospiraceae	NA	Turneriella	n
UP000001807	BORBU	224326	Borreliella burgdorferi	1290	76.7	bacteria_odb12	773	12.011873543951324	10.290161560231683	NA	NA	Bacteria	NA	Spirochaetes	NA	Spirochaetia	NA	NA	Spirochaetales	NA	NA	Borreliaceae	NA	Borreliella	n
UP000000503	TRECH	744872	Treponema caldarium	2754	87.1	bacteria_odb12	1670	35.86443121790687	20.491446649505903	NA	NA	Bacteria	NA	Spirochaetes	NA	Spirochaetia	NA	NA	Spirochaetales	NA	NA	Spirochaetaceae	NA	Treponema	n
UP000000431	CHLTR	272561	Chlamydia trachomatis	895	77.6	bacteria_odb12	788	15.618617126024516	10.918424378812695	NA	NA	Bacteria	NA	Chlamydiae	NA	Chlamydiia	NA	NA	Chlamydiales	NA	NA	Chlamydiaceae	NA	Chlamydia	n
UP000000496	SIMNZ	331113	Simkania negevensis	2516	84.5	bacteria_odb12	1242	23.78481870415275	23.74257782435632	NA	NA	Bacteria	NA	Chlamydiae	NA	Chlamydiia	NA	NA	Parachlamydiales	NA	NA	Simkaniaceae	NA	Simkania	n
UP000001505	WADCW	716544	Waddlia chondrophila	1919	91.4	bacteria_odb12	1297	25.733574519939083	25.67957958910457	NA	NA	Bacteria	NA	Chlamydiae	NA	Chlamydiia	NA	NA	Parachlamydiales	NA	NA	Waddliaceae	NA	Waddlia	n
UP000000495	PARAV	765952	Parachlamydia acanthamoebae	2784	83.6	bacteria_odb12	1454	28.365795739132846	44.73798858624892	NA	NA	Bacteria	NA	Chlamydiae	NA	Chlamydiia	NA	NA	Parachlamydiales	NA	NA	Parachlamydiaceae	NA	Parachlamydia	n
UP000003688	PEDPL	320771	Pedosphaera parvula	6492	93.1	bacteria_odb12	2279	0	40.5894130760455	NA	NA	Bacteria	NA	Verrucomicrobia	NA	Verrucomicrobiae	NA	NA	Verrucomicrobiales	NA	NA	Verrucomicrobia subdivision 3	NA	Pedosphaera	n
UP000001031	AKKM8	349741	Akkermansia muciniphila	2137	92.2	bacteria_odb12	1441	32.5869391375549	22.731814692342244	NA	NA	Bacteria	NA	Verrucomicrobia	NA	Verrucomicrobiae	NA	NA	Verrucomicrobiales	NA	NA	Akkermansiaceae	NA	Akkermansia	n
UP000007013	OPITP	452637	Opitutus terrae	4588	92.2	bacteria_odb12	2116	40.78382862920375	30.691620513056968	NA	NA	Bacteria	NA	Verrucomicrobia	NA	Opitutae	NA	NA	Opitutales	NA	NA	Opitutaceae	NA	Opitutus	n
UP000000925	CORAD	583355	Coraliomargarita akajimensis	3110	94.8	bacteria_odb12	1745	34.08999529950705	25.872564816681287	NA	NA	Bacteria	NA	Verrucomicrobia	NA	Opitutae	NA	NA	Puniceicoccales	NA	NA	Puniceicoccaceae	NA	Coraliomargarita	n
UP000007881	PHYMF	1142394	Phycisphaera mikurensis	3269	84.5	bacteria_odb12	1692	37.867526349096636	22.1172922845083	NA	NA	Bacteria	NA	Planctomycetes	NA	Phycisphaerae	NA	NA	Phycisphaerales	NA	NA	Phycisphaeraceae	NA	Phycisphaera	n
UP000010798	SINAD	886293	Singulisphaera acidiphila	7126	88.8	bacteria_odb12	2287	0	35.58877607954935	NA	NA	Bacteria	NA	Planctomycetes	NA	Planctomycetia	NA	NA	Isosphaerales	NA	NA	Isosphaeraceae	NA	Singulisphaera	n
UP000001025	RHOBA	243090	Rhodopirellula baltica	7271	87.1	bacteria_odb12	2112	41.715247412349115	31.2546571920568	NA	NA	Bacteria	NA	Planctomycetes	NA	Planctomycetia	NA	NA	Pirellulales	NA	NA	Pirellulaceae	NA	Rhodopirellula	n
UP000002220	PLAL2	521674	Planctopirus limnophila	4258	88.8	bacteria_odb12	1852	39.064055474045134	25.22084153150855	NA	NA	Bacteria	NA	Planctomycetes	NA	Planctomycetia	NA	NA	Planctomycetales	NA	NA	Planctomycetaceae	NA	Planctopirus	n
UP000008963	HALMS	862908	Halobacteriovorax marinus	3230	93.1	bacteria_odb12	1605	35.05545111153906	27.39740940375595	NA	NA	Bacteria	NA	Proteobacteria	NA	Oligoflexia	NA	NA	Bacteriovoracales	NA	NA	Halobacteriovoraceae	NA	Halobacteriovorax	n
UP000008080	BDEBA	264462	Bdellovibrio bacteriovorus	3583	94	bacteria_odb12	1736	35.7251286934841	28.15913334011	NA	NA	Bacteria	NA	Proteobacteria	NA	Oligoflexia	NA	NA	Bdellovibrionales	NA	NA	Bdellovibrionaceae	NA	Bdellovibrio	n
UP000002019	CLOAI	459349	Candidatus Cloacimonas acidaminovorans	1813	95.7	bacteria_odb12	1283	0	19.26233933045485	NA	NA	Bacteria	NA	Candidatus Cloacimonetes	NA	NA	NA	NA	NA	NA	NA	NA	NA	Candidatus Cloacimonas	n
UP000000517	FIBSS	59374	Fibrobacter succinogenes	2871	83.6	bacteria_odb12	1518	30.73343690357991	19.34142762008257	NA	NA	Bacteria	NA	Fibrobacteres	NA	Fibrobacteria	NA	NA	Fibrobacterales	NA	NA	Fibrobacteraceae	NA	Fibrobacter	n
UP000006700	CHLPM	290318	Chlorobium phaeovibrioides	1750	97.4	bacteria_odb12	1467	30.577307778682034	20.937720958809216	NA	NA	Bacteria	NA	Chlorobi	NA	Chlorobia	NA	NA	Chlorobiales	NA	NA	Chlorobiaceae	NA	Chlorobium	n
UP000009011	MELRP	1191523	Melioribacter roseus	2833	97.4	bacteria_odb12	1870	37.88046452294986	20.864515173674963	NA	NA	Bacteria	NA	Ignavibacteriae	NA	Ignavibacteria	NA	NA	Ignavibacteriales	NA	NA	Melioribacteraceae	NA	Melioribacter	n
UP000007394	IGNAJ	945713	Ignavibacterium album	3169	98.3	bacteria_odb12	1882	34.18360026054109	22.601251787765058	NA	NA	Bacteria	NA	Ignavibacteriae	NA	Ignavibacteria	NA	NA	Ignavibacteriales	NA	NA	Ignavibacteriaceae	NA	Ignavibacterium	n
UP000008674	SALRD	309807	Salinibacter ruber	2812	97.4	bacteria_odb12	1765	39.62624490946458	29.621286242778513	NA	NA	Bacteria	NA	Bacteroidetes	NA	NA	NA	NA	Bacteroidetes Order II. Incertae sedis	NA	NA	Rhodothermaceae	NA	Salinibacter	n
UP000006657	ODOSD	709991	Odoribacter splanchnicus	3479	99.1	bacteria_odb12	1841	33.95717021961301	22.849215106236684	NA	NA	Bacteria	NA	Bacteroidetes	NA	Bacteroidia	NA	NA	Bacteroidales	NA	NA	Odoribacteraceae	NA	Odoribacter	n
UP000008718	PALPW	694427	Paludibacter propionicigenes	3020	98.3	bacteria_odb12	1833	34.72806709999616	25.86388009635761	NA	NA	Bacteria	NA	Bacteroidetes	NA	Bacteroidia	NA	NA	Bacteroidales	NA	NA	Paludibacteraceae	NA	Paludibacter	n
UP000006545	PORAD	879243	Porphyromonas asaccharolytica	1672	97.4	bacteria_odb12	1326	23.53609758655042	18.058815765900544	NA	NA	Bacteria	NA	Bacteroidetes	NA	Bacteroidia	NA	NA	Bacteroidales	NA	NA	Porphyromonadaceae	NA	Porphyromonas	n
UP000005436	TANFA	203275	Tannerella forsythia	2978	96.6	bacteria_odb12	1656	28.715225319996275	20.53168055169061	NA	NA	Bacteria	NA	Bacteroidetes	NA	Bacteroidia	NA	NA	Bacteroidales	NA	NA	Tannerellaceae	NA	Tannerella	n
UP000000927	PRER2	264731	Prevotella ruminicola	2761	95.7	bacteria_odb12	1731	29.974629756513636	21.10034181574119	NA	NA	Bacteria	NA	Bacteroidetes	NA	Bacteroidia	NA	NA	Bacteroidales	NA	NA	Prevotellaceae	NA	Prevotella	n
UP000002861	BACV8	435590	Phocaeicola vulgatus	3982	96.6	bacteria_odb12	2015	35.937287352528315	29.132427881163174	NA	NA	Bacteria	NA	Bacteroidetes	NA	Bacteroidia	NA	NA	Bacteroidales	NA	NA	NA	NA	Phocaeicola	n
UP000008630	BACT6	693979	Bacteroides helcogenes	3240	98.3	bacteria_odb12	1861	32.79043026160251	26.762209682207875	NA	NA	Bacteria	NA	Bacteroidetes	NA	Bacteroidia	NA	NA	Bacteroidales	NA	NA	Bacteroidaceae	NA	Bacteroides	n
UP000007463	FLUTR	755732	Fluviicola taffensis	4016	98.3	bacteria_odb12	1857	32.93398716406268	54.29277122018895	NA	NA	Bacteria	NA	Bacteroidetes	NA	Flavobacteriia	NA	NA	Flavobacteriales	NA	NA	Crocinitomicaceae	NA	Fluviicola	n
UP000005631	OWEHD	926562	Owenweeksia hongkongensis	3471	98.3	bacteria_odb12	1858	35.721789691258884	29.993751510144392	NA	NA	Bacteria	NA	Bacteroidetes	NA	Flavobacteriia	NA	NA	Flavobacteriales	NA	NA	Schleiferiaceae	NA	Owenweeksia	n
UP000007487	CELLC	867900	Cellulophaga lytica	3281	97.4	bacteria_odb12	1926	37.54731400366389	27.841603787407042	NA	NA	Bacteria	NA	Bacteroidetes	NA	Flavobacteriia	NA	NA	Flavobacteriales	NA	NA	Flavobacteriaceae	NA	Cellulophaga	n
UP000006051	ORNRL	867902	Ornithobacterium rhinotracheale	2138	98.3	bacteria_odb12	1489	27.59968280174986	17.58355255349636	NA	NA	Bacteria	NA	Bacteroidetes	NA	Flavobacteriia	NA	NA	Flavobacteriales	NA	NA	Weeksellaceae	NA	Ornithobacterium	n
UP000002225	BLASP	600809	Blattabacterium sp. (Periplaneta americana)	581	81	bacteria_odb12	710	17.193670848500552	12.752388996056485	NA	NA	Bacteria	NA	Bacteroidetes	NA	Flavobacteriia	NA	NA	Flavobacteriales	NA	NA	Blattabacteriaceae	NA	Blattabacterium	n
UP000007808	SPHS2	743722	Sphingobacterium sp. 21	5132	99.1	bacteria_odb12	2226	43.54335537787623	48.796985693811756	NA	NA	Bacteria	NA	Bacteroidetes	NA	Sphingobacteriia	NA	NA	Sphingobacteriales	NA	NA	Sphingobacteriaceae	NA	Sphingobacterium	n
UP000005438	NIAKG	700598	Niastella koreensis	7171	99.1	bacteria_odb12	2542	49.036349531432776	32.914105212166504	NA	NA	Bacteria	NA	Bacteroidetes	NA	Chitinophagia	NA	NA	Chitinophagales	NA	NA	Chitinophagaceae	NA	Niastella	n
UP000007519	SAPGL	984262	Saprospira grandis	4218	97.4	bacteria_odb12	1683	33.372068830304286	57.671284281081846	NA	NA	Bacteria	NA	Bacteroidetes	NA	Saprospiria	NA	NA	Saprospirales	NA	NA	Saprospiraceae	NA	Saprospira	n
UP000008461	HALH1	760192	Haliscomenobacter hydrossis	6704	97.4	bacteria_odb12	2493	47.724243952339066	39.55330769069172	NA	NA	Bacteria	NA	Bacteroidetes	NA	Saprospiria	NA	NA	Saprospirales	NA	NA	Haliscomenobacteraceae	NA	Haliscomenobacter	n
UP000006054	BERLS	880071	Bernardetia litoralis	3832	96.6	bacteria_odb12	1864	35.723907133064884	37.996540114328795	NA	NA	Bacteria	NA	Bacteroidetes	NA	Cytophagia	NA	NA	Cytophagales	NA	NA	Bernardetiaceae	NA	Bernardetia	n
UP000002011	DYAFD	471854	Dyadobacter fermentans	5703	97.4	bacteria_odb12	2305	44.76938922814281	33.435096109271875	NA	NA	Bacteria	NA	Bacteroidetes	NA	Cytophagia	NA	NA	Cytophagales	NA	NA	Cytophagaceae	NA	Dyadobacter	n
UP000001227	AMOA5	452471	Candidatus Amoebophilus asiaticus	1253	81.9	bacteria_odb12	864	12.332842465783097	15.579289167868614	NA	NA	Bacteria	NA	Bacteroidetes	NA	Cytophagia	NA	NA	Cytophagales	NA	NA	Amoebophilaceae	NA	Candidatus Amoebophilus	n
UP000008720	MARTH	643867	Marivirga tractuosa	3748	96.6	bacteria_odb12	1985	39.29103200247788	32.17259374013447	NA	NA	Bacteria	NA	Bacteroidetes	NA	Cytophagia	NA	NA	Cytophagales	NA	NA	Marivirgaceae	NA	Marivirga	n
UP000006050	BELBD	866536	Belliella baltica	3609	97.4	bacteria_odb12	1997	40.450099561056746	50.363391150535456	NA	NA	Bacteria	NA	Bacteroidetes	NA	Cytophagia	NA	NA	Cytophagales	NA	NA	Cyclobacteriaceae	NA	Belliella	n
UP000001029	ELUMP	445932	Elusimicrobium minutum	1528	90.5	bacteria_odb12	1138	22.61635962242615	13.15512363600856	NA	NA	Bacteria	NA	Elusimicrobia	NA	Elusimicrobia	NA	NA	Elusimicrobiales	NA	NA	Elusimicrobiaceae	NA	Elusimicrobium	n
UP000000429	HELPY	85962	Helicobacter pylori	1552	87.1	bacteria_odb12	1175	25.050482606347686	12.750867286219034	NA	NA	Bacteria	NA	Proteobacteria	delta/epsilon subdivisions	Epsilonproteobacteria	NA	NA	Campylobacterales	NA	NA	Helicobacteraceae	NA	Helicobacter	y
UP000008387	HELBC	1002804	Helicobacter bizzozeronii	1959	81	bacteria_odb12	1209	27.088483692476178	13.877410199097708	NA	NA	Bacteria	NA	Proteobacteria	delta/epsilon subdivisions	Epsilonproteobacteria	NA	NA	Campylobacterales	NA	NA	Helicobacteraceae	NA	Helicobacter	n
UP000008633	NITSE	749222	Nitratifractor salsuginis	2076	93.1	bacteria_odb12	1492	29.49506473128605	14.264639611563354	NA	NA	Bacteria	NA	Proteobacteria	delta/epsilon subdivisions	Epsilonproteobacteria	NA	NA	Campylobacterales	NA	NA	Sulfurovaceae	NA	Nitratifractor	n
UP000001118	NITSB	387092	Nitratiruptor sp. SB155-2	1843	94	bacteria_odb12	1453	28.680079187082306	13.640793718920671	NA	NA	Bacteria	NA	Proteobacteria	delta/epsilon subdivisions	Epsilonproteobacteria	NA	NA	Nautiliales	NA	NA	Nitratiruptoraceae	NA	Nitratiruptor	n
UP000002714	SULDN	326298	Sulfurimonas denitrificans	2084	92.2	bacteria_odb12	1508	31.165425940227195	13.045358790732802	NA	NA	Bacteria	NA	Proteobacteria	delta/epsilon subdivisions	Epsilonproteobacteria	NA	NA	Campylobacterales	NA	NA	Thiovulaceae	NA	Sulfurimonas	n
UP000001136	ARCB4	367737	Arcobacter butzleri	2254	94	bacteria_odb12	1559	0	19.812636799191154	NA	NA	Bacteria	NA	Proteobacteria	delta/epsilon subdivisions	Epsilonproteobacteria	NA	NA	Campylobacterales	NA	NA	Campylobacteraceae	NA	Arcobacter	n
UP000002072	STRM9	519441	Streptobacillus moniliformis	1431	94	bacteria_odb12	1036	17.541361329419445	14.26083266883743	NA	NA	Bacteria	NA	Fusobacteria	NA	Fusobacteriia	NA	NA	Fusobacteriales	NA	NA	Leptotrichiaceae	NA	Streptobacillus	n
UP000002521	FUSNN	190304	Fusobacterium nucleatum	2046	96.6	bacteria_odb12	1421	23.71892225490949	15.654808199876438	NA	NA	Bacteria	NA	Fusobacteria	NA	Fusobacteriia	NA	NA	Fusobacteriales	NA	NA	Fusobacteriaceae	NA	Fusobacterium	n
UP000008323	PHYAS	59748	Candidatus Phytoplasma australiense	633	65.5	bacteria_odb12	427	5.943823647749493	5.9669718708639445	NA	NA	Bacteria	NA	Tenericutes	NA	Mollicutes	NA	NA	Acholeplasmatales	NA	NA	Acholeplasmataceae	NA	Candidatus Phytoplasma	n
UP000006647	MESFL	265311	Mesoplasma florum	683	75	bacteria_odb12	571	10.042950360710364	10.286592741020025	NA	NA	Bacteria	NA	Tenericutes	NA	Mollicutes	NA	NA	Entomoplasmatales	NA	NA	Entomoplasmataceae	NA	Mesoplasma	n
UP000009135	MYCHN	1111676	Mycoplasma haemocanis	1175	51.7	bacteria_odb12	339	4.936435803838803	5.867246485273423	NA	NA	Bacteria	NA	Tenericutes	NA	Mollicutes	NA	NA	Mycoplasmatales	NA	NA	Mycoplasmataceae	NA	Mycoplasma	n
UP000000808	MYCPN	272634	Mycoplasma pneumoniae	686	60.3	bacteria_odb12	516	9.187966584843803	10.781091441111121	NA	NA	Bacteria	NA	Tenericutes	NA	Mollicutes	NA	NA	Mycoplasmatales	NA	NA	Mycoplasmataceae	NA	Mycoplasma	y
UP000000807	MYCGE	243273	Mycoplasma genitalium	483	57.8	bacteria_odb12	493	8.573692506515938	11.007188954635753	NA	NA	Bacteria	NA	Tenericutes	NA	Mollicutes	NA	NA	Mycoplasmatales	NA	NA	Mycoplasmataceae	NA	Mycoplasma	y
UP000006621	FLESM	717231	Flexistipes sinusarabici	2185	98.3	bacteria_odb12	1555	32.475873822025754	16.43758243745616	NA	NA	Bacteria	NA	Deferribacteres	NA	Deferribacteres	NA	NA	Deferribacterales	NA	NA	Deferribacteraceae	NA	Flexistipes	n
UP000002572	DESIS	653733	Desulfurispirillum indicum	2551	97.4	bacteria_odb12	1744	34.33543971644922	19.835165358643877	NA	NA	Bacteria	NA	Chrysiogenetes	NA	Chrysiogenetes	NA	NA	Chrysiogenales	NA	NA	Chrysiogenaceae	NA	Desulfurispirillum	n
UP000000718	THEYD	289376	Thermodesulfovibrio yellowstonii	1982	98.3	bacteria_odb12	1522	29.90246563397053	14.391354138352177	NA	NA	Bacteria	NA	Nitrospirae	NA	Nitrospira	NA	NA	Nitrospirales	NA	NA	Nitrospiraceae	NA	Thermodesulfovibrio	n
UP000011704	NITG3	1266370	Nitrospina gracilis	2962	92.2	bacteria_odb12	1672	0	24.262400479527006	NA	NA	Bacteria	NA	Nitrospinae	NA	Nitrospinia	NA	NA	Nitrospinales	NA	NA	Nitrospinaceae	NA	Nitrospina	n
UP000063234	THET7	1298851	Thermosulfidibacter takaii	1756	98.3	bacteria_odb12	1460	32.018350067116216	18.227515444489264	NA	NA	Bacteria	NA	Aquificae	NA	Aquificae	NA	NA	Aquificales	NA	NA	NA	NA	Thermosulfidibacter	n
UP000007102	DESTD	868864	Desulfurobacterium thermolithotrophum	1496	97.4	bacteria_odb12	1290	26.757439005964436	10.461326471393567	NA	NA	Bacteria	NA	Aquificae	NA	Aquificae	NA	NA	Desulfurobacteriales	NA	NA	Desulfurobacteriaceae	NA	Desulfurobacterium	n
UP000001369	SULAA	204536	Sulfurihydrogenibium azorense	1708	96.6	bacteria_odb12	1370	29.475489572978343	14.878551284473874	NA	NA	Bacteria	NA	Aquificae	NA	Aquificae	NA	NA	Aquificales	NA	NA	Hydrogenothermaceae	NA	Sulfurihydrogenibium	n
UP000002574	HYDTT	608538	Hydrogenobacter thermophilus	1892	94	bacteria_odb12	1374	29.069505247608998	19.2417041032035	NA	NA	Bacteria	NA	Aquificae	NA	Aquificae	NA	NA	Aquificales	NA	NA	Aquificaceae	NA	Hydrogenobacter	n
UP000008139	HIPMA	760142	Hippea maritima	1653	94	bacteria_odb12	1375	29.75268557140071	14.333600936242577	NA	NA	Bacteria	NA	Proteobacteria	delta/epsilon subdivisions	Deltaproteobacteria	NA	NA	Desulfurellales	NA	NA	Desulfurellaceae	NA	Hippea	n
UP000006793	THEID	667014	Thermodesulfatator indicus	2184	98.3	bacteria_odb12	1607	31.053943966734742	12.930778139885321	NA	NA	Bacteria	NA	Thermodesulfobacteria	NA	Thermodesulfobacteria	NA	NA	Thermodesulfobacteriales	NA	NA	Thermodesulfobacteriaceae	NA	Thermodesulfatator	n
UP000006732	PELPD	338966	Pelobacter propionicus	3694	100	bacteria_odb12	2025	37.13787138780272	21.89346092374096	NA	NA	Bacteria	NA	Proteobacteria	delta/epsilon subdivisions	Deltaproteobacteria	NA	NA	Desulfuromonadales	NA	NA	Desulfuromonadaceae	NA	Pelobacter	n
UP000002420	GEOLS	398767	Geobacter lovleyi	3644	100	bacteria_odb12	2044	0	23.650539946934355	NA	NA	Bacteria	NA	Proteobacteria	delta/epsilon subdivisions	Deltaproteobacteria	NA	NA	Desulfuromonadales	NA	NA	Geobacteraceae	NA	Geobacter	n
UP000000602	DESPS	177439	Desulfotalea psychrophila	3233	91.4	bacteria_odb12	1867	36.257389318311034	17.231349957660456	NA	NA	Bacteria	NA	Proteobacteria	delta/epsilon subdivisions	Deltaproteobacteria	NA	NA	Desulfobacterales	NA	NA	Desulfobulbaceae	NA	Desulfotalea	n
UP000000442	DESAH	177437	Desulfobacterium autotrophicum	4846	96.6	bacteria_odb12	2177	0	28.7901141282579	NA	NA	Bacteria	NA	Proteobacteria	delta/epsilon subdivisions	Deltaproteobacteria	NA	NA	Desulfobacterales	NA	NA	Desulfobacteraceae	NA	Desulfobacterium	n
UP000000483	DESAR	880072	Desulfobacca acetoxidans	2859	95.7	bacteria_odb12	1648	32.06979553907675	35.47135355777404	NA	NA	Bacteria	NA	Proteobacteria	delta/epsilon subdivisions	Deltaproteobacteria	NA	NA	Syntrophobacterales	NA	NA	Syntrophaceae	NA	Desulfobacca	n
UP000001784	SYNFM	335543	Syntrophobacter fumaroxidans	4012	98.3	bacteria_odb12	2032	39.23344521053099	19.22075865926261	NA	NA	Bacteria	NA	Proteobacteria	delta/epsilon subdivisions	Deltaproteobacteria	NA	NA	Syntrophobacterales	NA	NA	Syntrophobacteraceae	NA	Syntrophobacter	n
UP000009047	DESB2	644282	Desulfarculus baarsii	3268	98.3	bacteria_odb12	1875	37.53230189951772	21.704230548386473	NA	NA	Bacteria	NA	Proteobacteria	delta/epsilon subdivisions	Deltaproteobacteria	NA	NA	Desulfarculales	NA	NA	Desulfarculaceae	NA	Desulfarculus	n
UP000002601	DESAD	526222	Maridesulfovibrio salexigens	3807	97.4	bacteria_odb12	1992	37.08585884933941	18.579255128411518	NA	NA	Bacteria	NA	Proteobacteria	delta/epsilon subdivisions	Deltaproteobacteria	NA	NA	Desulfovibrionales	NA	NA	Desulfovibrionaceae	NA	Maridesulfovibrio	n
UP000001052	DESRD	485915	Desulfohalobium retbaense	2500	94.8	bacteria_odb12	1700	32.39375747142872	16.66324104564812	NA	NA	Bacteria	NA	Proteobacteria	delta/epsilon subdivisions	Deltaproteobacteria	NA	NA	Desulfovibrionales	NA	NA	Desulfohalobiaceae	NA	Desulfohalobium	n
UP000002216	DESBD	525897	Desulfomicrobium baculatum	3421	98.3	bacteria_odb12	1972	35.47485307995779	16.434211739454152	NA	NA	Bacteria	NA	Proteobacteria	delta/epsilon subdivisions	Deltaproteobacteria	NA	NA	Desulfovibrionales	NA	NA	Desulfomicrobiaceae	NA	Desulfomicrobium	n
UP000002209	GEMAT	379066	Gemmatimonas aurantiaca	3932	97.4	bacteria_odb12	1972	43.39158056357402	29.796986470611664	NA	NA	Bacteria	NA	Gemmatimonadetes	NA	Gemmatimonadetes	NA	NA	Gemmatimonadales	NA	NA	Gemmatimonadaceae	NA	Gemmatimonas	n
UP000006056	TERRK	926566	Terriglobus roseus	3936	99.1	bacteria_odb12	1941	43.02863516568779	26.547089920033812	NA	NA	Bacteria	NA	Acidobacteria	NA	Acidobacteriia	NA	NA	Acidobacteriales	NA	NA	Acidobacteriaceae	NA	Terriglobus	n
UP000000671	SOLUE	234267	Candidatus Solibacter usitatus	7761	98.3	bacteria_odb12	2518	51.45220602478983	35.54781339209773	NA	NA	Bacteria	NA	Acidobacteria	NA	Acidobacteriia	NA	NA	Bryobacterales	NA	NA	Solibacteraceae	NA	Candidatus Solibacter	n
UP000001880	HALO1	502025	Haliangium ochraceum	6684	99.1	bacteria_odb12	2368	50.30757524894962	57.2961973959615	NA	NA	Bacteria	NA	Proteobacteria	delta/epsilon subdivisions	Deltaproteobacteria	NA	NA	Myxococcales	Nannocystineae	NA	Kofleriaceae	NA	Haliangium	n
UP000002139	SORC5	448385	Sorangium cellulosum	9320	94.8	bacteria_odb12	2612	53.470412627572664	58.79526072699182	NA	NA	Bacteria	NA	Proteobacteria	delta/epsilon subdivisions	Deltaproteobacteria	NA	NA	Myxococcales	Sorangiineae	NA	Polyangiaceae	NA	Sorangium	n
UP000006382	ANADF	404589	Anaeromyxobacter sp. Fw109-5	4461	98.3	bacteria_odb12	2196	43.849483509256856	34.63525526776689	NA	NA	Bacteria	NA	Proteobacteria	delta/epsilon subdivisions	Deltaproteobacteria	NA	NA	Myxococcales	Cystobacterineae	NA	Anaeromyxobacteraceae	NA	Anaeromyxobacter	n
UP000001351	STIAD	378806	Stigmatella aurantiaca	8307	99.1	bacteria_odb12	2678	54.63935808961888	39.68109339018268	NA	NA	Bacteria	NA	Proteobacteria	delta/epsilon subdivisions	Deltaproteobacteria	NA	NA	Myxococcales	Cystobacterineae	NA	Archangiaceae	NA	Stigmatella	n
UP000011131	MYXSD	1278073	Myxococcus stipitatus	8043	99.1	bacteria_odb12	2685	53.00263649260686	51.096112246166484	NA	NA	Bacteria	NA	Proteobacteria	delta/epsilon subdivisions	Deltaproteobacteria	NA	NA	Myxococcales	Cystobacterineae	NA	Myxococcaceae	NA	Myxococcus	n
UP000002528	PELUB	335992	Candidatus Pelagibacter ubique	1354	90.5	bacteria_odb12	1173	29.803551336475756	15.502000770437121	NA	NA	Bacteria	NA	Proteobacteria	NA	Alphaproteobacteria	NA	NA	Pelagibacterales	NA	NA	Pelagibacteraceae	NA	Candidatus Pelagibacter	n
UP000000435	EHRCJ	269484	Ehrlichia canis	921	84.5	bacteria_odb12	858	15.537820150512424	14.16434977127389	NA	NA	Bacteria	NA	Proteobacteria	NA	Alphaproteobacteria	NA	NA	Rickettsiales	NA	NA	Anaplasmataceae	NA	Ehrlichia	n
UP000008005	RICAG	1105111	Rickettsia amblyommatis	1377	84.5	bacteria_odb12	971	16.088177921149825	15.328272679424733	NA	NA	Bacteria	NA	Proteobacteria	NA	Alphaproteobacteria	NA	NA	Rickettsiales	NA	NA	Rickettsiaceae	NA	Rickettsia	n
UP000006639	MIDMI	696127	Candidatus Midichloria mitochondrii	1181	77.6	bacteria_odb12	900	17.163809466644512	12.731278266263784	NA	NA	Bacteria	NA	Proteobacteria	NA	Alphaproteobacteria	NA	NA	Rickettsiales	NA	NA	Candidatus Midichloriaceae	NA	Candidatus Midichloria	n
UP000006375	GLUOX	290633	Gluconobacter oxydans	2626	96.6	bacteria_odb12	1718	34.11346559899429	21.963759530674483	NA	NA	Bacteria	NA	Proteobacteria	NA	Alphaproteobacteria	NA	NA	Rhodospirillales	NA	NA	Acetobacteraceae	NA	Gluconobacter	n
UP000001591	RHOCS	414684	Rhodospirillum centenum	3984	98.3	bacteria_odb12	2255	45.651013847247356	48.1553743151646	NA	NA	Bacteria	NA	Proteobacteria	NA	Alphaproteobacteria	NA	NA	Rhodospirillales	NA	NA	Rhodospirillaceae	NA	Rhodospirillum	n
UP000007753	SPHJU	452662	Sphingobium japonicum	4347	99.1	bacteria_odb12	2214	0	27.896117398371633	NA	NA	Bacteria	NA	Proteobacteria	NA	Alphaproteobacteria	NA	NA	Sphingomonadales	NA	NA	Sphingomonadaceae	NA	Sphingobium	n
UP000008808	ERYLH	314225	Erythrobacter litoralis	2999	100	bacteria_odb12	1899	40.71713496381669	23.606410743819502	NA	NA	Bacteria	NA	Proteobacteria	NA	Alphaproteobacteria	NA	NA	Sphingomonadales	NA	NA	Erythrobacteraceae	NA	Erythrobacter	n
UP000006833	DINSH	398580	Dinoroseobacter shibae	4086	99.1	bacteria_odb12	2270	48.799434243032465	31.703615678136245	NA	NA	Bacteria	NA	Proteobacteria	NA	Alphaproteobacteria	NA	NA	Rhodobacterales	NA	NA	Rhodobacteraceae	NA	Dinoroseobacter	n
UP000001302	PARBH	314260	Parvularcula bermudensis	2687	99.1	bacteria_odb12	1870	37.05103436547459	22.348256591784434	NA	NA	Bacteria	NA	Proteobacteria	NA	Alphaproteobacteria	NA	NA	Parvularculales	NA	NA	Parvularculaceae	NA	Parvularcula	n
UP000001492	ASTEC	573065	Asticcacaulis excentricus	3743	99.1	bacteria_odb12	2203	43.023388925830325	27.55266426499247	NA	NA	Bacteria	NA	Proteobacteria	NA	Alphaproteobacteria	NA	NA	Caulobacterales	NA	NA	Caulobacteraceae	NA	Asticcacaulis	n
UP000001964	MARMM	394221	Maricaulis maris	3060	99.1	bacteria_odb12	2014	40.87630120151343	27.09092430880595	NA	NA	Bacteria	NA	Proteobacteria	NA	Alphaproteobacteria	NA	NA	Maricaulales	NA	NA	Maricaulaceae	NA	Maricaulis	n
UP000002745	HIRBI	582402	Hirschia baltica	3187	100	bacteria_odb12	2039	43.20741378325675	28.162600118886473	NA	NA	Bacteria	NA	Proteobacteria	NA	Alphaproteobacteria	NA	NA	Hyphomonadales	NA	NA	Hyphomonadaceae	NA	Hirschia	n
UP000006377	PARL1	402881	Parvibaculum lavamentivorans	3580	99.1	bacteria_odb12	2142	45.91460325548887	33.99486132053027	NA	NA	Bacteria	NA	Proteobacteria	NA	Alphaproteobacteria	NA	NA	Rhizobiales	NA	NA	Rhodobiaceae	NA	Parvibaculum	n
UP000001399	RHOVT	648757	Rhodomicrobium vannielii	3513	99.1	bacteria_odb12	2108	43.745615116889226	29.874656567982246	NA	NA	Bacteria	NA	Proteobacteria	NA	Alphaproteobacteria	NA	NA	Rhizobiales	NA	NA	Hyphomicrobiaceae	NA	Rhodomicrobium	n
UP000000813	AGRFC	176299	Agrobacterium fabrum	5344	100	bacteria_odb12	2389	50.407398173744376	52.82128148642602	NA	NA	Bacteria	NA	Proteobacteria	NA	Alphaproteobacteria	NA	NA	Rhizobiales	NA	NA	Rhizobiaceae	NA	Agrobacterium	n
UP000001820	CHESB	266779	Chelativorans sp. BNC1	4530	99.1	bacteria_odb12	2246	48.11854408863434	34.994670959339295	NA	NA	Bacteria	NA	Proteobacteria	NA	Alphaproteobacteria	NA	NA	Rhizobiales	NA	NA	Phyllobacteriaceae	NA	Chelativorans	n
UP000000643	BARBK	360095	Bartonella bacilliformis	1255	98.3	bacteria_odb12	1128	21.14453983749641	13.139889074941594	NA	NA	Bacteria	NA	Proteobacteria	NA	Alphaproteobacteria	NA	NA	Rhizobiales	NA	NA	Bartonellaceae	NA	Bartonella	n
UP000002719	BRUA2	359391	Brucella abortus	3023	99.1	bacteria_odb12	1937	40.69219766544777	22.6112574592493	NA	NA	Bacteria	NA	Proteobacteria	NA	Alphaproteobacteria	NA	NA	Rhizobiales	NA	NA	Brucellaceae	NA	Brucella	n
UP000002417	XANP2	78245	Xanthobacter autotrophicus	4971	98.3	bacteria_odb12	2357	50.22804299386747	30.627522877103083	NA	NA	Bacteria	NA	Proteobacteria	NA	Alphaproteobacteria	NA	NA	Rhizobiales	NA	NA	Xanthobacteraceae	NA	Xanthobacter	n
UP000001948	RHOPB	316056	Rhodopseudomonas palustris	4864	99.1	bacteria_odb12	2422	48.41229680315929	34.462336183209274	NA	NA	Bacteria	NA	Proteobacteria	NA	Alphaproteobacteria	NA	NA	Rhizobiales	NA	NA	Bradyrhizobiaceae	NA	Rhodopseudomonas	n
UP000008207	METNO	460265	Methylobacterium nodulans	8128	100	bacteria_odb12	2633	56.30286200472541	37.23378258150233	NA	NA	Bacteria	NA	Proteobacteria	NA	Alphaproteobacteria	NA	NA	Rhizobiales	NA	NA	Methylobacteriaceae	NA	Methylobacterium	n
UP000005263	METSZ	187303	Methylocystis sp. SC2	4040	99.1	bacteria_odb12	2151	43.20249712221808	32.24436529999856	NA	NA	Bacteria	NA	Proteobacteria	NA	Alphaproteobacteria	NA	NA	Rhizobiales	NA	NA	Methylocystaceae	NA	Methylocystis	n
UP000001695	BEII9	395963	Beijerinckia indica	3774	99.1	bacteria_odb12	2155	43.2057993688113	33.49007050740617	NA	NA	Bacteria	NA	Proteobacteria	NA	Alphaproteobacteria	NA	NA	Rhizobiales	NA	NA	Beijerinckiaceae	NA	Beijerinckia	n
UP000002586	MAGMM	156889	Magnetococcus marinus	3594	98.3	bacteria_odb12	1931	36.67771449356622	26.586796911125898	NA	NA	Bacteria	NA	Proteobacteria	NA	Alphaproteobacteria	NA	NA	Magnetococcales	NA	NA	Magnetococcaceae	NA	Magnetococcus	n
UP000006135	ACICS	990288	Acidithiobacillus caldus	3062	99.1	bacteria_odb12	1765	34.53227548864632	21.296513967507554	NA	NA	Bacteria	NA	Proteobacteria	NA	Acidithiobacillia	NA	NA	Acidithiobacillales	NA	NA	Acidithiobacillaceae	NA	Acidithiobacillus	n
UP000001274	PSEUL	748280	Pseudogulbenkiania sp. NH8B	3958	100	bacteria_odb12	2308	48.52023572367508	25.446439123005728	NA	NA	Bacteria	NA	Proteobacteria	NA	Betaproteobacteria	NA	NA	Neisseriales	NA	NA	Chromobacteriaceae	NA	Pseudogulbenkiania	n
UP000000535	NEIG1	242231	Neisseria gonorrhoeae	2106	100	bacteria_odb12	1565	29.51296085370052	16.93253566608567	NA	NA	Bacteria	NA	Proteobacteria	NA	Betaproteobacteria	NA	NA	Neisseriales	NA	NA	Neisseriaceae	NA	Neisseria	n
UP000008291	THIDA	292415	Thiobacillus denitrificans	2826	99.1	bacteria_odb12	1961	36.07522020423495	16.788345927161597	NA	NA	Bacteria	NA	Proteobacteria	NA	Betaproteobacteria	NA	NA	Nitrosomonadales	NA	NA	Thiobacillaceae	NA	Thiobacillus	n
UP000002743	METGS	582744	Methylovorus glucosotrophus	2907	100	bacteria_odb12	1964	35.45839385198805	21.944655583455518	NA	NA	Bacteria	NA	Proteobacteria	NA	Betaproteobacteria	NA	NA	Nitrosomonadales	NA	NA	Methylophilaceae	NA	Methylovorus	n
UP000001625	SIDLE	580332	Sideroxydans lithotrophicus	2977	100	bacteria_odb12	2004	36.32742969759241	24.503423671185868	NA	NA	Bacteria	NA	Proteobacteria	NA	Betaproteobacteria	NA	NA	Nitrosomonadales	NA	NA	Gallionellaceae	NA	Sideroxydans	n
UP000002718	NITMU	323848	Nitrosospira multiformis	2732	99.1	bacteria_odb12	1908	36.68019456752102	24.68099145820191	NA	NA	Bacteria	NA	Proteobacteria	NA	Betaproteobacteria	NA	NA	Nitrosomonadales	NA	NA	Nitrosomonadaceae	NA	Nitrosospira	n
UP000002186	THASP	85643	Thauera sp. MZ1T	3927	100	bacteria_odb12	2387	45.829319167236555	29.35721713153775	NA	NA	Bacteria	NA	Proteobacteria	NA	Betaproteobacteria	NA	NA	Rhodocyclales	NA	NA	Zoogloeaceae	NA	Thauera	n
UP000005633	AZOOP	640081	Dechlorosoma suillum	3432	100	bacteria_odb12	2108	0	26.758022974544232	NA	NA	Bacteria	NA	Proteobacteria	NA	Betaproteobacteria	NA	NA	Rhodocyclales	NA	NA	Rhodocyclaceae	NA	Azospira	n
UP000001225	BORPD	340100	Bordetella petrii	4912	100	bacteria_odb12	2345	51.18080693031444	26.602351023622397	NA	NA	Bacteria	NA	Proteobacteria	NA	Betaproteobacteria	NA	NA	Burkholderiales	NA	NA	Alcaligenaceae	NA	Bordetella	n
UP000002360	COMT2	688245	Comamonas testosteroni	4780	97.4	bacteria_odb12	2361	0	29.78453381861553	NA	NA	Bacteria	NA	Proteobacteria	NA	Betaproteobacteria	NA	NA	Burkholderiales	NA	NA	Comamonadaceae	NA	Comamonas	n
UP000000329	HERSS	757424	Herbaspirillum seropedicae	4732	99.1	bacteria_odb12	2359	50.151502948846144	27.031938138166282	NA	NA	Bacteria	NA	Proteobacteria	NA	Betaproteobacteria	NA	NA	Burkholderiales	NA	NA	Oxalobacteraceae	NA	Herbaspirillum	n
UP000008210	CUPNH	381666	Cupriavidus necator	6614	99.1	bacteria_odb12	2693	59.48408407855911	35.18028357337206	NA	NA	Bacteria	NA	Proteobacteria	NA	Betaproteobacteria	NA	NA	Burkholderiales	NA	NA	Burkholderiaceae	NA	Cupriavidus	n
UP000009102	HALNC	555778	Halothiobacillus neapolitanus	2353	98.3	bacteria_odb12	1826	35.32144784848126	16.686015591425168	NA	NA	Bacteria	NA	Proteobacteria	NA	Gammaproteobacteria	NA	NA	Chromatiales	NA	NA	Halothiobacillaceae	NA	Halothiobacillus	n
UP000000812	XYLFA	160492	Xylella fastidiosa	2772	98.3	bacteria_odb12	1691	30.277539167591026	18.815801049211572	NA	NA	Bacteria	NA	Proteobacteria	NA	Gammaproteobacteria	NA	NA	Xanthomonadales	NA	NA	Xanthomonadaceae	NA	Xylella	n
UP000005234	FRAAD	767434	Frateuria aurantia	3098	100	bacteria_odb12	2090	41.34914701360159	24.594334675819283	NA	NA	Bacteria	NA	Proteobacteria	NA	Gammaproteobacteria	NA	NA	Xanthomonadales	NA	NA	Rhodanobacteraceae	NA	Frateuria	n
UP000000647	HALHL	349124	Halorhodospira halophila	2406	98.3	bacteria_odb12	1870	36.440975033599145	18.837987094334462	NA	NA	Bacteria	NA	Proteobacteria	NA	Gammaproteobacteria	NA	NA	Chromatiales	NA	NA	Ectothiorhodospiraceae	NA	Halorhodospira	n
UP000001441	ALLVD	572477	Allochromatium vinosum	3211	99.1	bacteria_odb12	2151	38.117865566408085	20.75609746621539	NA	NA	Bacteria	NA	Proteobacteria	NA	Gammaproteobacteria	NA	NA	Chromatiales	NA	NA	Chromatiaceae	NA	Allochromatium	n
UP000006821	METCA	243233	Methylococcus capsulatus	2925	98.3	bacteria_odb12	2040	37.183333222127956	20.82804678893162	NA	NA	Bacteria	NA	Proteobacteria	NA	Gammaproteobacteria	NA	NA	Methylococcales	NA	NA	Methylococcaceae	NA	Methylococcus	n
UP000006282	CYCSP	385025	Cycloclasticus sp. P1	2247	98.3	bacteria_odb12	1797	39.42378936832858	24.66752177296227	NA	NA	Bacteria	NA	Proteobacteria	NA	Gammaproteobacteria	NA	NA	Thiotrichales	NA	NA	Piscirickettsiaceae	NA	Cycloclasticus	n
UP000032414	TATMI	451	Tatlockia micdadei	2989	99.1	bacteria_odb12	1866	37.20853830684498	49.723856381058944	NA	NA	Bacteria	NA	Proteobacteria	NA	Gammaproteobacteria	NA	NA	Legionellales	NA	NA	Legionellaceae	NA	Tatlockia	n
UP000002671	COXBU	227377	Coxiella burnetii	1812	100	bacteria_odb12	1326	27.728023451707035	21.340458705937422	NA	NA	Bacteria	NA	Proteobacteria	NA	Gammaproteobacteria	NA	NA	Legionellales	NA	NA	Coxiellaceae	NA	Coxiella	n
UP000001174	FRATT	177416	Francisella tularensis	1528	96.6	bacteria_odb12	1267	25.352978189685782	18.85984939789804	NA	NA	Bacteria	NA	Proteobacteria	NA	Gammaproteobacteria	NA	NA	Thiotrichales	NA	NA	Francisellaceae	NA	Francisella	n
UP000004870	CARH6	638300	Cardiobacterium hominis	2580	88.8	bacteria_odb12	1758	30.873655094384763	21.26336794510041	NA	NA	Bacteria	NA	Proteobacteria	NA	Gammaproteobacteria	NA	NA	Cardiobacteriales	NA	NA	Cardiobacteriaceae	NA	Cardiobacterium	n
UP000092671	MORNO	478	Moraxella nonliquefaciens	1937	99.1	bacteria_odb12	1519	29.360738029955645	21.019678814580924	NA	NA	Bacteria	NA	Proteobacteria	NA	Gammaproteobacteria	NA	NA	Pseudomonadales	NA	NA	Moraxellaceae	NA	Moraxella	n
UP000008871	ALCBS	393595	Alcanivorax borkumensis	2752	100	bacteria_odb12	2024	40.093451374429094	29.467006723176173	NA	NA	Bacteria	NA	Proteobacteria	NA	Gammaproteobacteria	NA	NA	Oceanospirillales	NA	NA	Alcanivoracaceae	NA	Alcanivorax	n
UP000000686	PSEF1	743720	Pseudomonas fulva	4459	99.1	bacteria_odb12	2517	47.35835256436656	29.724784971487612	NA	NA	Bacteria	NA	Proteobacteria	NA	Gammaproteobacteria	NA	NA	Pseudomonadales	NA	NA	Pseudomonadaceae	NA	Pseudomonas	n
UP000008707	HALED	768066	Halomonas elongata	3621	100	bacteria_odb12	2303	46.02160760857656	27.220008267124598	NA	NA	Bacteria	NA	Proteobacteria	NA	Gammaproteobacteria	NA	NA	Oceanospirillales	NA	NA	Halomonadaceae	NA	Halomonas	n
UP000000238	HAHCH	349521	Hahella chejuensis	6751	97.4	bacteria_odb12	2837	50.71729259240275	37.88616703051219	NA	NA	Bacteria	NA	Proteobacteria	NA	Gammaproteobacteria	NA	NA	Oceanospirillales	NA	NA	Hahellaceae	NA	Hahella	n
UP000001062	MARM1	717774	Marinomonas mediterranea	4118	100	bacteria_odb12	2318	47.15656227556101	35.4344231265256	NA	NA	Bacteria	NA	Proteobacteria	NA	Gammaproteobacteria	NA	NA	Oceanospirillales	NA	NA	Oceanospirillaceae	NA	Marinomonas	n
UP000000466	SIMAS	1117647	Simiduia agarivorans	3812	98.3	bacteria_odb12	2356	0	34.12130266547669	NA	NA	Bacteria	NA	Proteobacteria	NA	Gammaproteobacteria	NA	NA	Cellvibrionales	NA	NA	Cellvibrionaceae	NA	Simiduia	n
UP000001231	KANKD	523791	Kangiella koreensis	2630	99.1	bacteria_odb12	1933	35.08446614008049	26.064297200723267	NA	NA	Bacteria	NA	Proteobacteria	NA	Gammaproteobacteria	NA	NA	Oceanospirillales	NA	NA	Kangiellaceae	NA	Kangiella	n
UP000006843	PSEHT	326442	Pseudoalteromonas translucida	3484	99.1	bacteria_odb12	2295	41.57510485123839	30.105388433456483	NA	NA	Bacteria	NA	Proteobacteria	NA	Gammaproteobacteria	NA	NA	Alteromonadales	NA	NA	Pseudoalteromonadaceae	NA	Pseudoalteromonas	n
UP000001171	IDILO	283942	Idiomarina loihiensis	2608	100	bacteria_odb12	2003	35.55660180395383	21.466365307475595	NA	NA	Bacteria	NA	Proteobacteria	NA	Gammaproteobacteria	NA	NA	Alteromonadales	NA	NA	Idiomarinaceae	NA	Idiomarina	n
UP000006683	FERBD	550540	Ferrimonas balearica	3781	100	bacteria_odb12	2391	43.09887153791986	34.502845315431884	NA	NA	Bacteria	NA	Proteobacteria	NA	Gammaproteobacteria	NA	NA	Alteromonadales	NA	NA	Ferrimonadaceae	NA	Ferrimonas	n
UP000003627	VIBSN	701176	Vibrio sp. N418	4028	99.1	bacteria_odb12	2467	0	29.604758395250837	NA	NA	Bacteria	NA	Proteobacteria	NA	Gammaproteobacteria	NA	NA	Vibrionales	NA	NA	Vibrionaceae	NA	Vibrio	n
UP000000639	PSYIN	357804	Psychromonas ingrahamii	3530	100	bacteria_odb12	2364	43.29635661237105	26.948231925783812	NA	NA	Bacteria	NA	Proteobacteria	NA	Gammaproteobacteria	NA	NA	Alteromonadales	NA	NA	Psychromonadaceae	NA	Psychromonas	n
UP000009073	TOLAT	595494	Tolumonas auensis	3126	99.1	bacteria_odb12	2192	37.976437190174664	20.371870097069237	NA	NA	Bacteria	NA	Proteobacteria	NA	Gammaproteobacteria	NA	NA	Aeromonadales	NA	NA	Aeromonadaceae	NA	Tolumonas	n
UP000002427	BAUCH	374463	Candidatus Baumannia cicadellinicola	595	86.2	bacteria_odb12	771	15.154488769977442	10.574581865747792	NA	NA	Bacteria	NA	Proteobacteria	NA	Gammaproteobacteria	NA	NA	NA	NA	NA	NA	NA	NA	n
UP000000815	YERPE	632	Yersinia pestis	3904	100	bacteria_odb12	2555	44.38686164472365	25.0293151906128	NA	NA	Bacteria	NA	Proteobacteria	NA	Gammaproteobacteria	NA	NA	Enterobacterales	NA	NA	Yersiniaceae	NA	Yersinia	n
UP000008075	XENNA	406817	Xenorhabdus nematophila	4439	97.4	bacteria_odb12	2382	41.35342115572702	24.8809986079425	NA	NA	Bacteria	NA	Proteobacteria	NA	Gammaproteobacteria	NA	NA	Enterobacterales	NA	NA	Morganellaceae	NA	Xenorhabdus	n
UP000006859	DICD3	198628	Dickeya dadantii	4532	100	bacteria_odb12	2596	45.88959589297414	22.054129692556288	NA	NA	Bacteria	NA	Proteobacteria	NA	Gammaproteobacteria	NA	NA	Enterobacterales	NA	NA	Pectobacteriaceae	NA	Dickeya	n
UP000001702	PANAM	706191	Pantoea ananatis	4241	99.1	bacteria_odb12	2586	45.7066814734526	22.525639790362625	NA	NA	Bacteria	NA	Proteobacteria	NA	Gammaproteobacteria	NA	NA	Enterobacterales	NA	NA	Erwiniaceae	NA	Pantoea	n
UP000000625	ECOLI	83333	Escherichia coli	4391	100	bacteria_odb12	2766	48.44048248439649	24.605226733812547	NA	NA	Bacteria	NA	Proteobacteria	NA	Gammaproteobacteria	NA	NA	Enterobacterales	NA	NA	Enterobacteriaceae	NA	Escherichia	y
UP000001889	CITRI	637910	Citrobacter rodentium	4792	99.1	bacteria_odb12	2875	44.9465593092394	23.32564737723229	NA	NA	Bacteria	NA	Proteobacteria	NA	Gammaproteobacteria	NA	NA	Enterobacterales	NA	NA	Enterobacteriaceae	NA	Citrobacter	n
UP000002030	THEAS	525903	Thermanaerovibrio acidaminovorans	1737	94	bacteria_odb12	1421	32.43870648359487	15.499065084746006	NA	NA	Bacteria	NA	Synergistetes	NA	Synergistia	NA	NA	Synergistales	NA	NA	Synergistaceae	NA	Thermanaerovibrio	n
UP000007719	DICTD	515635	Dictyoglomus turgidum	1743	94	bacteria_odb12	1394	27.920651510983756	14.935665282191964	NA	NA	Bacteria	NA	Dictyoglomi	NA	Dictyoglomia	NA	NA	Dictyoglomales	NA	NA	Dictyoglomaceae	NA	Dictyoglomus	n
UP000001732	COPPD	309798	Coprothermobacter proteolyticus	1481	85.3	bacteria_odb12	1160	24.463870128379142	14.506712079340936	NA	NA	Bacteria	NA	Coprothermobacterota	NA	Coprothermobacteria	NA	NA	Coprothermobacterales	NA	NA	Coprothermobacteraceae	NA	Coprothermobacter	n
UP000002382	KOSOT	521045	Kosmotoga olearia	2087	89.7	bacteria_odb12	1385	28.33919325459788	18.277667345918335	NA	NA	Bacteria	NA	Thermotogae	NA	Thermotogae	NA	NA	Kosmotogales	NA	NA	Kosmotogaceae	NA	Kosmotoga	n
UP000007161	MARPK	443254	Marinitoga piezophila	2044	91.4	bacteria_odb12	1400	27.387770150768855	18.33257658139882	NA	NA	Bacteria	NA	Thermotogae	NA	Thermotogae	NA	NA	Petrotogales	NA	NA	Petrotogaceae	NA	Marinitoga	n
UP000008183	THEMA	243274	Thermotoga maritima	1852	96.6	bacteria_odb12	1433	29.92406237900212	15.642823273565426	NA	NA	Bacteria	NA	Thermotogae	NA	Thermotogae	NA	NA	Thermotogales	NA	NA	Thermotogaceae	NA	Thermotoga	n
UP000001110	THEM4	391009	Thermosipho melanesiensis	1877	92.2	bacteria_odb12	1379	27.435080929778508	16.45275647122912	NA	NA	Bacteria	NA	Thermotogae	NA	Thermotogae	NA	NA	Thermotogales	NA	NA	Fervidobacteriaceae	NA	Thermosipho	n
UP000000417	SYMTH	292459	Symbiobacterium thermophilum	3313	100	bacteria_odb12	1884	39.568938963377704	19.411275367134998	NA	NA	Bacteria	NA	Firmicutes	NA	Clostridia	NA	NA	Clostridiales	NA	NA	Symbiobacteriaceae	NA	Symbiobacterium	n
UP000005439	SULAD	679936	Sulfobacillus acidophilus	3444	96.6	bacteria_odb12	1739	45.225250921341015	25.574673951314395	NA	NA	Bacteria	NA	Firmicutes	NA	Clostridia	NA	NA	Clostridiales	NA	NA	Clostridiales Family XVII. Incertae Sedis	NA	Sulfobacillus	n
UP000002368	KYRT2	562970	Kyrpidia tusciae	3135	99.1	bacteria_odb12	1898	44.625559526793005	21.838409884552462	NA	NA	Bacteria	NA	Firmicutes	NA	Bacilli	NA	NA	Bacillales	NA	NA	Alicyclobacillaceae	NA	Kyrpidia	n
UP000001877	BREBN	358681	Brevibacillus brevis	5887	100	bacteria_odb12	2513	48.62801896433735	31.639484106020543	NA	NA	Bacteria	NA	Firmicutes	NA	Bacilli	NA	NA	Bacillales	NA	NA	Paenibacillaceae	NA	Brevibacillus	n
UP000000271	BACIE	439292	[Bacillus] selenitireducens	3231	100	bacteria_odb12	2041	0	20.25139355954108	NA	NA	Bacteria	NA	Firmicutes	NA	Bacilli	NA	NA	Bacillales	NA	NA	Sporolactobacillaceae	NA	NA	n
UP000000716	EXISA	360911	Exiguobacterium sp. AT1b	3020	99.1	bacteria_odb12	1861	35.87519050600601	20.65910073923865	NA	NA	Bacteria	NA	Firmicutes	NA	Bacilli	NA	NA	Bacillales	NA	NA	NA	NA	Exiguobacterium	n
UP000001570	BACSU	224308	Bacillus subtilis	4260	100	bacteria_odb12	2397	43.16217530474411	21.576509695649502	NA	NA	Bacteria	NA	Firmicutes	NA	Bacilli	NA	NA	Bacillales	NA	NA	Bacillaceae	NA	Bacillus	y
UP000000935	BACMQ	545693	Priestia megaterium	5606	100	bacteria_odb12	2508	45.88710116286487	26.734823898554907	NA	NA	Bacteria	NA	Firmicutes	NA	Bacilli	NA	NA	Bacillales	NA	NA	Bacillaceae	NA	Priestia	n
UP000006691	SOLSS	1002809	Solibacillus silvestris	3812	95.7	bacteria_odb12	2086	38.63867608467205	23.85205806379644	NA	NA	Bacteria	NA	Firmicutes	NA	Bacilli	NA	NA	Bacillales	NA	NA	Planococcaceae	NA	Solibacillus	n
UP000008816	STAA8	93061	Staphylococcus aureus	2889	98.3	bacteria_odb12	1776	34.17724230186966	19.38233918849734	NA	NA	Bacteria	NA	Firmicutes	NA	Bacilli	NA	NA	Bacillales	NA	NA	Staphylococcaceae	NA	Staphylococcus	y
UP000001383	MACCJ	458233	Macrococcus caseolyticus	2059	94	bacteria_odb12	1622	29.218193776064	17.293469509933804	NA	NA	Bacteria	NA	Firmicutes	NA	Bacilli	NA	NA	Bacillales	NA	NA	Staphylococcaceae	NA	Macrococcus	n
UP000000817	LISMO	169963	Listeria monocytogenes	2844	100	bacteria_odb12	1836	33.2005137077527	22.50636529504184	NA	NA	Bacteria	NA	Firmicutes	NA	Bacilli	NA	NA	Bacillales	NA	NA	Listeriaceae	NA	Listeria	n
UP000008129	AERUA	866775	Aerococcus urinae	1684	90.5	bacteria_odb12	1281	24.625070091212503	13.478724391525828	NA	NA	Bacteria	NA	Firmicutes	NA	Bacilli	NA	NA	Lactobacillales	NA	NA	Aerococcaceae	NA	Aerococcus	n
UP000002663	TETHN	945021	Tetragenococcus halophilus	2507	94	bacteria_odb12	1593	28.263971360692164	18.6603016496266	NA	NA	Bacteria	NA	Firmicutes	NA	Bacilli	NA	NA	Lactobacillales	NA	NA	Enterococcaceae	NA	Tetragenococcus	n
UP000002196	LACLA	272623	Lactococcus lactis	2225	96.6	bacteria_odb12	1510	30.046609634412913	18.36351093614629	NA	NA	Bacteria	NA	Firmicutes	NA	Bacilli	NA	NA	Lactobacillales	NA	NA	Streptococcaceae	NA	Lactococcus	n
UP000051992	WEIVI	1629	Weissella viridescens	1462	94	bacteria_odb12	1158	21.654045454612056	13.358623564496588	NA	NA	Bacteria	NA	Firmicutes	NA	Bacilli	NA	NA	Lactobacillales	NA	NA	Leuconostocaceae	NA	Weissella	n
UP000002707	LACSS	314315	Latilactobacillus sakei	1872	95.7	bacteria_odb12	1341	22.019753018937227	13.470214296764704	NA	NA	Bacteria	NA	Firmicutes	NA	Bacilli	NA	NA	Lactobacillales	NA	NA	Lactobacillaceae	NA	Latilactobacillus	n
UP000011124	SELS3	546271	Selenomonas sputigena	2243	98.3	bacteria_odb12	1688	31.97833129014713	16.543304115982497	NA	NA	Bacteria	NA	Firmicutes	NA	Negativicutes	NA	NA	Selenomonadales	NA	NA	Selenomonadaceae	NA	Selenomonas	n
UP000007093	ACIIR	568816	Acidaminococcus intestini	2386	94	bacteria_odb12	1511	29.54787664746573	14.084291775328003	NA	NA	Bacteria	NA	Firmicutes	NA	Negativicutes	NA	NA	Acidaminococcales	NA	NA	Acidaminococcaceae	NA	Acidaminococcus	n
UP000001968	SYNWW	335541	Syntrophomonas wolfei	2473	97.4	bacteria_odb12	1725	30.348526980532096	12.722730771823382	NA	NA	Bacteria	NA	Firmicutes	NA	Clostridia	NA	NA	Clostridiales	NA	NA	Syntrophomonadaceae	NA	Syntrophomonas	n
UP000008550	HELMI	498761	Heliobacterium modesticaldum	2924	100	bacteria_odb12	1793	0	19.535007647275286	NA	NA	Bacteria	NA	Firmicutes	NA	Clostridia	NA	NA	Clostridiales	NA	NA	Heliobacteriaceae	NA	Heliobacterium	n
UP000005262	DESMD	768704	Desulfosporosinus meridiei	4340	99.1	bacteria_odb12	2150	41.91204217905043	22.469689365736684	NA	NA	Bacteria	NA	Firmicutes	NA	Clostridia	NA	NA	Clostridiales	NA	NA	Peptococcaceae	NA	Desulfosporosinus	n
UP000001683	NATTJ	457570	Natranaerobius thermophilus	2847	97.4	bacteria_odb12	1802	33.43798372678047	44.77074369787348	NA	NA	Bacteria	NA	Firmicutes	NA	Clostridia	NA	NA	Natranaerobiales	NA	NA	Natranaerobiaceae	NA	Natranaerobius	n
UP000000719	HALOH	373903	Halothermothrix orenii	2324	99.1	bacteria_odb12	1774	31.02815317852976	13.665313008426777	NA	NA	Bacteria	NA	Firmicutes	NA	Clostridia	NA	NA	Halanaerobiales	NA	NA	Halanaerobiaceae	NA	Halothermothrix	n
UP000010880	HALHC	748449	Halobacteroides halobius	2452	99.1	bacteria_odb12	1786	32.1871511023963	33.44925606150147	NA	NA	Bacteria	NA	Firmicutes	NA	Clostridia	NA	NA	Halanaerobiales	NA	NA	Halobacteroidaceae	NA	Halobacteroides	n
UP000000272	THEOJ	555079	Thermosediminibacter oceani	2151	100	bacteria_odb12	1680	29.727756662689124	15.468636995623486	NA	NA	Bacteria	NA	Firmicutes	NA	Clostridia	NA	NA	Thermosediminibacterales	NA	NA	Thermosediminibacteraceae	NA	Thermosediminibacter	n
UP000010802	TEPAE	1209989	Tepidanaerobacter acetatoxydans	2640	93.1	bacteria_odb12	1778	33.38002209094846	16.437187117019096	NA	NA	Bacteria	NA	Firmicutes	NA	Clostridia	NA	NA	Thermosediminibacterales	NA	NA	Tepidanaerobacteraceae	NA	Tepidanaerobacter	n
UP000002156	THEP3	340099	Thermoanaerobacter pseudethanolicus	2193	98.3	bacteria_odb12	1747	32.55058705842671	15.228020744216556	NA	NA	Bacteria	NA	Firmicutes	NA	Clostridia	NA	NA	Thermoanaerobacterales	NA	NA	Thermoanaerobacteraceae	NA	Thermoanaerobacter	n
UP000008457	MAHA5	697281	Mahella australiensis	2858	98.3	bacteria_odb12	1771	32.031800551491315	13.921749288673837	NA	NA	Bacteria	NA	Firmicutes	NA	Clostridia	NA	NA	Thermoanaerobacterales	NA	NA	Thermoanaerobacterales Family IV. Incertae Sedis	NA	Mahella	n
UP000006889	CALOW	632518	Caldicellulosiruptor owensensis	2133	99.1	bacteria_odb12	1637	29.009052979678494	15.042918354600758	NA	NA	Bacteria	NA	Firmicutes	NA	Clostridia	NA	NA	Thermoanaerobacterales	NA	NA	Thermoanaerobacterales Family III. Incertae Sedis	NA	Caldicellulosiruptor	n
UP000005435	HUNCD	720554	Hungateiclostridium clariflavum	3774	100	bacteria_odb12	2018	0	21.150407648448407	NA	NA	Bacteria	NA	Firmicutes	NA	Clostridia	NA	NA	Clostridiales	NA	NA	Hungateiclostridiaceae	NA	Hungateiclostridium	n
UP000001551	ETHHY	663278	Ethanoligenens harbinense	2663	96.6	bacteria_odb12	1710	31.744440611592427	18.78970885292467	NA	NA	Bacteria	NA	Firmicutes	NA	Clostridia	NA	NA	Clostridiales	NA	NA	Ruminococcaceae	NA	Ethanoligenens	n
UP000005219	OSCVS	693746	Oscillibacter valericigenes	4593	95.7	bacteria_odb12	1869	33.60940467923279	18.747637229331513	NA	NA	Bacteria	NA	Firmicutes	NA	Clostridia	NA	NA	Clostridiales	NA	NA	Oscillospiraceae	NA	Oscillibacter	n
UP000001299	BUTPB	515622	Butyrivibrio proteoclasticus	3799	98.3	bacteria_odb12	1796	30.75631774116091	21.052780858337968	NA	NA	Bacteria	NA	Firmicutes	NA	Clostridia	NA	NA	Clostridiales	NA	NA	Lachnospiraceae	NA	Butyrivibrio	n
UP000007177	ACEWD	931626	Acetobacterium woodii	3445	93.1	bacteria_odb12	1864	35.601335031210944	16.956873928501583	NA	NA	Bacteria	NA	Firmicutes	NA	Clostridia	NA	NA	Clostridiales	NA	NA	Eubacteriaceae	NA	Acetobacterium	n
UP000008220	CLONN	386415	Clostridium novyi	2305	97.4	bacteria_odb12	1698	28.73829461896091	16.27697003610559	NA	NA	Bacteria	NA	Firmicutes	NA	Clostridia	NA	NA	Clostridiales	NA	NA	Clostridiaceae	NA	Clostridium	n
UP000006094	GOTA9	1128398	Gottschalkia acidurici	2839	94	bacteria_odb12	1745	29.551087329802982	13.84304755364735	NA	NA	Bacteria	NA	Firmicutes	NA	Tissierellia	NA	NA	Tissierellales	NA	NA	Gottschalkiaceae	NA	Gottschalkia	n
UP000007468	FILAD	546269	Filifactor alocis	1616	96.6	bacteria_odb12	1262	19.07067136221654	14.016326835447202	NA	NA	Bacteria	NA	Firmicutes	NA	Clostridia	NA	NA	Clostridiales	NA	NA	Peptostreptococcaceae	NA	Filifactor	n
UP000001319	FINM2	334413	Finegoldia magna	1813	96.6	bacteria_odb12	1350	19.940463747283108	12.82600760081984	NA	NA	Bacteria	NA	Firmicutes	NA	Tissierellia	NA	NA	Tissierellales	NA	NA	Peptoniphilaceae	NA	Finegoldia	n
UP000000557	GLOVI	251221	Gloeobacter violaceus	4406	97.4	bacteria_odb12	2094	41.40403879514819	29.230270385914924	NA	NA	Bacteria	NA	Cyanobacteria	NA	Gloeobacteria	NA	NA	Gloeobacterales	NA	NA	Gloeobacteraceae	NA	Gloeobacter	n
UP000001422	SYNPX	84588	Synechococcus sp. WH 8102	2512	98.3	bacteria_odb12	1615	0	42.737667852360275	NA	NA	Bacteria	NA	Cyanobacteria	NA	NA	NA	NA	Synechococcales	NA	NA	Synechococcaceae	NA	Synechococcus	n
UP000001430	PROM0	167546	Prochlorococcus marinus	1906	94	bacteria_odb12	1332	30.59894379242579	19.745846735358693	NA	NA	Bacteria	NA	Cyanobacteria	NA	NA	NA	NA	Synechococcales	NA	NA	Prochloraceae	NA	Prochlorococcus	n
UP000010366	CHAP6	1173020	Chamaesiphon minutus	5815	94.8	bacteria_odb12	2339	42.273347424767955	28.598871913133582	NA	NA	Bacteria	NA	Cyanobacteria	NA	NA	NA	NA	Synechococcales	NA	NA	Chamaesiphonaceae	NA	Chamaesiphon	n
UP000010480	CYAAP	755178	Cyanobacterium aponinum	3415	94.8	bacteria_odb12	1998	38.24352967711315	26.11793970299559	NA	NA	Bacteria	NA	Cyanobacteria	NA	NA	Oscillatoriophycideae	NA	Chroococcales	NA	NA	Cyanobacteriaceae	NA	Cyanobacterium	n
UP000001425	SYNY3	1111708	Synechocystis sp. PCC 6803	3507	97.4	bacteria_odb12	1986	39.47760995740108	28.574406238014017	NA	NA	Bacteria	NA	Cyanobacteria	NA	NA	NA	NA	Synechococcales	NA	NA	Merismopediaceae	NA	Synechocystis	n
UP000010473	STAC7	111780	Stanieria cyanosphaera	4751	97.4	bacteria_odb12	2205	42.601162696656424	30.88338657330299	NA	NA	Bacteria	NA	Cyanobacteria	NA	NA	NA	NA	Pleurocapsales	NA	NA	Dermocarpellaceae	NA	Stanieria	n
UP000008204	RIPO1	41431	Rippkaea orientalis	4335	98.3	bacteria_odb12	2177	42.150450838836434	29.632050903137717	NA	NA	Bacteria	NA	Cyanobacteria	NA	NA	Oscillatoriophycideae	NA	Chroococcales	NA	NA	Aphanothecaceae	NA	Rippkaea	n
UP000001510	MICAN	449447	Microcystis aeruginosa	5981	97.4	bacteria_odb12	2079	41.47700715007137	44.0418750452088	NA	NA	Bacteria	NA	Cyanobacteria	NA	NA	Oscillatoriophycideae	NA	Chroococcales	NA	NA	Microcystaceae	NA	Microcystis	n
UP000002511	CYAP4	395961	Cyanothece sp. PCC 7425	5232	97.4	bacteria_odb12	2321	42.39696217927454	28.589158254440164	NA	NA	Bacteria	NA	Cyanobacteria	NA	NA	Oscillatoriophycideae	NA	Oscillatoriales	NA	NA	Cyanothecaceae	NA	Cyanothece	n
UP000000268	ACAM1	329726	Acaryochloris marina	8172	97.4	bacteria_odb12	2420	45.60444681145736	37.45991813182133	NA	NA	Bacteria	NA	Cyanobacteria	NA	NA	NA	NA	Synechococcales	NA	NA	Acaryochloridaceae	NA	Acaryochloris	n
UP000001511	NOSA0	551115	Trichormus azollae	3646	95.7	bacteria_odb12	1813	35.66701038839537	24.406446126834243	NA	NA	Bacteria	NA	Cyanobacteria	NA	NA	NA	NA	Nostocales	NA	NA	Nostocaceae	NA	Trichormus	n
UP000010384	CHRTP	251229	Chroococcidiopsis thermalis	5740	96.6	bacteria_odb12	2395	0	33.77991466783561	NA	NA	Bacteria	NA	Cyanobacteria	NA	NA	NA	NA	Chroococcidiopsidales	NA	NA	Chroococcidiopsidaceae	NA	Chroococcidiopsis	n
UP000000737	LYNSP	313612	Lyngbya sp. PCC 8106	6110	95.7	bacteria_odb12	2340	0	53.626407088605475	NA	NA	Bacteria	NA	Cyanobacteria	NA	NA	Oscillatoriophycideae	NA	Oscillatoriales	NA	NA	Oscillatoriaceae	NA	Lyngbya	n
UP000006803	ARTPN	696747	Arthrospira platensis	6009	96.6	bacteria_odb12	2147	40.50040637899743	30.63593456195396	NA	NA	Bacteria	NA	Cyanobacteria	NA	NA	Oscillatoriophycideae	NA	Oscillatoriales	NA	NA	Microcoleaceae	NA	Arthrospira	n
UP000014227	CHTCT	1303518	Chthonomonas calidirosea	2809	94	bacteria_odb12	1722	38.82171567993104	31.551546474643132	NA	NA	Bacteria	NA	Armatimonadetes	NA	Chthonomonadetes	NA	NA	Chthonomonadales	NA	NA	Chthonomonadaceae	NA	Chthonomonas	n
UP000008289	DEHM1	243164	Dehalococcoides mccartyi	1502	96.6	bacteria_odb12	1133	21.346144089261575	12.240706307713735	NA	NA	Bacteria	NA	Chloroflexi	NA	Dehalococcoidia	NA	NA	Dehalococcoidales	NA	NA	Dehalococcoidaceae	NA	Dehalococcoides	n
UP000002349	DEHLB	552811	Dehalogenimonas lykanthroporepellens	1619	95.7	bacteria_odb12	1252	23.765396736879477	21.714734989584127	NA	NA	Bacteria	NA	Chloroflexi	NA	Dehalococcoidia	NA	NA	NA	NA	NA	NA	NA	Dehalogenimonas	n
UP000002027	SPHTD	479434	Sphaerobacter thermophilus	3471	94.8	bacteria_odb12	1813	41.84564675635141	24.00215022587791	NA	NA	Bacteria	NA	Chloroflexi	NA	Thermomicrobia	Sphaerobacteridae	NA	Sphaerobacterales	Sphaerobacterineae	NA	Sphaerobacteraceae	NA	Sphaerobacter	n
UP000007880	CALAS	926550	Caldilinea aerophila	4097	93.1	bacteria_odb12	1992	47.57667890638371	28.658801605026184	NA	NA	Bacteria	NA	Chloroflexi	NA	Caldilineae	NA	NA	Caldilineales	NA	NA	Caldilineaceae	NA	Caldilinea	n
UP000008922	ANATU	926569	Anaerolinea thermophila	3110	94	bacteria_odb12	1747	36.28898323223977	27.024824524799968	NA	NA	Bacteria	NA	Chloroflexi	NA	Anaerolineae	NA	NA	Anaerolineales	NA	NA	Anaerolineaceae	NA	Anaerolinea	n
UP000000787	HERA2	316274	Herpetosiphon aurantiacus	5254	96.6	bacteria_odb12	2180	43.54532440040419	31.95394321163559	NA	NA	Bacteria	NA	Chloroflexi	NA	Chloroflexia	NA	NA	Herpetosiphonales	NA	NA	Herpetosiphonaceae	NA	Herpetosiphon	n
UP000006554	ROSS1	357808	Roseiflexus sp. RS-1	4494	98.3	bacteria_odb12	2053	45.135802579746404	50.13157244382756	NA	NA	Bacteria	NA	Chloroflexi	NA	Chloroflexia	NA	NA	Chloroflexales	Roseiflexineae	NA	Roseiflexaceae	NA	Roseiflexus	n
UP000002008	CHLAA	324602	Chloroflexus aurantiacus	3850	97.4	bacteria_odb12	1998	44.76282968634586	52.548909513270246	NA	NA	Bacteria	NA	Chloroflexi	NA	Chloroflexia	NA	NA	Chloroflexales	Chloroflexineae	NA	Chloroflexaceae	NA	Chloroflexus	n
UP000007030	MARHT	869210	Marinithermus hydrothermalis	2194	92.2	bacteria_odb12	1586	36.626894653604296	24.643530380545588	NA	NA	Bacteria	NA	Deinococcus-Thermus	NA	Deinococci	NA	NA	Thermales	NA	NA	Thermaceae	NA	Marinithermus	n
UP000000379	TRURR	649638	Truepera radiovictrix	2924	92.2	bacteria_odb12	1756	41.382600757165655	25.098771689652253	NA	NA	Bacteria	NA	Deinococcus-Thermus	NA	Deinococci	NA	NA	Trueperales	NA	NA	Trueperaceae	NA	Truepera	n
UP000008635	DEIML	709986	Deinococcus maricopensis	3262	91.4	bacteria_odb12	1818	40.905625869334656	32.82263366383249	NA	NA	Bacteria	NA	Deinococcus-Thermus	NA	Deinococci	NA	NA	Deinococcales	NA	NA	Deinococcaceae	NA	Deinococcus	n
UP000002026	SLAHD	471855	Slackia heliotrinireducens	2750	98.3	bacteria_odb12	1540	29.32915430764121	16.61835440036982	NA	NA	Bacteria	NA	Actinobacteria	NA	Coriobacteriia	NA	NA	Eggerthellales	NA	NA	Eggerthellaceae	NA	Slackia	n
UP000000960	ATOPD	521095	Lancefieldella parvula	1353	97.4	bacteria_odb12	1140	20.189680781606725	12.361174174887854	NA	NA	Bacteria	NA	Actinobacteria	NA	Coriobacteriia	NA	NA	Coriobacteriales	NA	NA	Atopobiaceae	NA	Lancefieldella	n
UP000006637	RUBXD	266117	Rubrobacter xylanophilus	3127	96.6	bacteria_odb12	1736	46.439724624323226	24.280938297996475	NA	NA	Bacteria	NA	Actinobacteria	NA	Rubrobacteria	NA	NA	Rubrobacterales	NA	NA	Rubrobacteraceae	NA	Rubrobacter	n
UP000008229	CONWI	469383	Conexibacter woesei	5912	97.4	bacteria_odb12	2015	51.242898279223205	35.46040971965991	NA	NA	Bacteria	NA	Actinobacteria	NA	Thermoleophilia	NA	NA	Solirubrobacterales	NA	NA	Conexibacteraceae	NA	Conexibacter	n
UP000000771	ACIFD	525909	Acidimicrobium ferrooxidans	1935	95.7	bacteria_odb12	1374	35.907801642981134	26.67474130393743	NA	NA	Bacteria	NA	Actinobacteria	NA	Acidimicrobiia	NA	NA	Acidimicrobiales	NA	NA	Acidimicrobiaceae	NA	Acidimicrobium	n
UP000008221	ACIC1	351607	Acidothermus cellulolyticus	2157	98.3	bacteria_odb12	1592	35.72229707254191	28.344938374359316	NA	NA	Bacteria	NA	Actinobacteria	NA	Actinobacteria	NA	NA	Acidothermales	NA	NA	Acidothermaceae	NA	Acidothermus	n
UP000002484	FRAIE	298654	Frankia inefficax	7079	97.4	bacteria_odb12	2213	52.665562015287975	58.57274150456044	NA	NA	Bacteria	NA	Actinobacteria	NA	Actinobacteria	NA	NA	Frankiales	NA	NA	Frankiaceae	NA	Frankia	n
UP000002219	NOCDD	446468	Nocardiopsis dassonvillei	5497	99.1	bacteria_odb12	2235	49.72023803269069	42.014754425499454	NA	NA	Bacteria	NA	Actinobacteria	NA	Actinobacteria	NA	NA	Streptosporangiales	NA	NA	Nocardiopsaceae	NA	Nocardiopsis	n
UP000001918	THECD	471852	Thermomonospora curvata	4888	100	bacteria_odb12	2159	48.30525297870935	42.82533814738851	NA	NA	Bacteria	NA	Actinobacteria	NA	Actinobacteria	NA	NA	Streptosporangiales	NA	NA	Thermomonosporaceae	NA	Thermomonospora	n
UP000006640	THEBD	469371	Thermobispora bispora	3545	100	bacteria_odb12	1933	40.5287772282125	36.404820130768805	NA	NA	Bacteria	NA	Actinobacteria	NA	Actinobacteria	NA	NA	NA	NA	NA	NA	NA	Thermobispora	n
UP000002029	STRRD	479432	Streptosporangium roseum	8955	100	bacteria_odb12	2606	55.864047834707456	70.6377612759776	NA	NA	Bacteria	NA	Actinobacteria	NA	Actinobacteria	NA	NA	Streptosporangiales	NA	NA	Streptosporangiaceae	NA	Streptosporangium	n
UP000000844	STANL	446470	Stackebrandtia nassauensis	6379	100	bacteria_odb12	2232	47.160552259783856	56.661686031017304	NA	NA	Bacteria	NA	Actinobacteria	NA	Actinobacteria	NA	NA	Glycomycetales	NA	NA	Glycomycetaceae	NA	Stackebrandtia	n
UP000005440	ACTS5	134676	Actinoplanes sp. SE50/110	8249	98.3	bacteria_odb12	2536	52.54473505951961	46.5895900324042	NA	NA	Bacteria	NA	Actinobacteria	NA	Actinobacteria	NA	NA	Micromonosporales	NA	NA	Micromonosporaceae	NA	Actinoplanes	n
UP000001382	GEOOG	526225	Geodermatophilus obscurus	4795	98.3	bacteria_odb12	2140	49.70008879186939	44.36836842775714	NA	NA	Bacteria	NA	Actinobacteria	NA	Actinobacteria	NA	NA	Geodermatophilales	NA	NA	Geodermatophilaceae	NA	Geodermatophilus	n
UP000002218	NAKMY	479431	Nakamurella multipartita	5123	99.1	bacteria_odb12	2217	46.19404688374629	43.590056859917375	NA	NA	Bacteria	NA	Actinobacteria	NA	Actinobacteria	NA	NA	Nakamurellales	NA	NA	Nakamurellaceae	NA	Nakamurella	n
UP000033393	LENAE	68170	Lentzea aerocolonigenes	8237	97.4	bacteria_odb12	2506	0	48.987873209195385	NA	NA	Bacteria	NA	Actinobacteria	NA	Actinobacteria	NA	NA	Pseudonocardiales	NA	NA	Pseudonocardiaceae	NA	Lentzea	n
UP000000492	CORRG	662755	Corynebacterium resistens	2160	94.8	bacteria_odb12	1532	31.945899596653486	22.369146467965066	NA	NA	Bacteria	NA	Actinobacteria	NA	Actinobacteria	NA	NA	Corynebacteriales	NA	NA	Corynebacteriaceae	NA	Corynebacterium	n
UP000002247	SEGRD	640132	Segniliparus rotundus	3001	98.3	bacteria_odb12	1665	33.89871487171973	35.556524408047856	NA	NA	Bacteria	NA	Actinobacteria	NA	Actinobacteria	NA	NA	Corynebacteriales	NA	NA	Segniliparaceae	NA	Segniliparus	n
UP000001213	TSUPD	521096	Tsukamurella paurometabola	4170	99.1	bacteria_odb12	2024	39.70538861257359	39.50406618948713	NA	NA	Bacteria	NA	Actinobacteria	NA	Actinobacteria	NA	NA	Corynebacteriales	NA	NA	Tsukamurellaceae	NA	Tsukamurella	n
UP000009154	GORPV	1112204	Gordonia polyisoprenivorans	5097	96.6	bacteria_odb12	2186	45.05330820744104	41.59574339373863	NA	NA	Bacteria	NA	Actinobacteria	NA	Actinobacteria	NA	NA	Corynebacteriales	NA	NA	Gordoniaceae	NA	Gordonia	n
UP000006820	NOCFA	247156	Nocardia farcinica	5941	99.1	bacteria_odb12	2260	44.79461648407024	44.24580361406931	NA	NA	Bacteria	NA	Actinobacteria	NA	Actinobacteria	NA	NA	Corynebacteriales	NA	NA	Nocardiaceae	NA	Nocardia	n
UP000001584	MYCTU	83332	Mycobacterium tuberculosis	3993	98.3	bacteria_odb12	1958	40.2710791501321	56.32716741053961	NA	NA	Bacteria	NA	Actinobacteria	NA	Actinobacteria	NA	NA	Corynebacteriales	NA	NA	Mycobacteriaceae	NA	Mycobacterium	y
UP000000806	MYCLE	272631	Mycobacterium leprae	1603	95.7	bacteria_odb12	1305	30.349213675929086	31.00077427450123	NA	NA	Bacteria	NA	Actinobacteria	NA	Actinobacteria	NA	NA	Corynebacteriales	NA	NA	Mycobacteriaceae	NA	Mycobacterium	n
UP000026918	STRA9	68570	Streptomyces albulus	8069	99.1	bacteria_odb12	2520	0	41.82850855343034	NA	NA	Bacteria	NA	Actinobacteria	NA	Actinobacteria	NA	NA	Streptomycetales	NA	NA	Streptomycetaceae	NA	Streptomyces	n
UP000000851	CATAD	479433	Catenulispora acidiphila	8909	98.3	bacteria_odb12	2545	55.115505157223325	50.52100137481163	NA	NA	Bacteria	NA	Actinobacteria	NA	Actinobacteria	NA	NA	Catenulisporales	NA	NA	Catenulisporaceae	NA	Catenulispora	n
UP000000214	ACIA4	1171373	Acidipropionibacterium acidipropionici	3316	99.1	bacteria_odb12	1796	36.71934523118106	36.779474344738354	NA	NA	Bacteria	NA	Actinobacteria	NA	Actinobacteria	NA	NA	Propionibacteriales	NA	NA	Propionibacteriaceae	NA	Acidipropionibacterium	n
UP000000640	NOCSJ	196162	Nocardioides sp. JS614	4888	100	bacteria_odb12	2145	50.47850479684637	48.896578274014765	NA	NA	Bacteria	NA	Actinobacteria	NA	Actinobacteria	NA	NA	Propionibacteriales	NA	NA	Nocardioidaceae	NA	Nocardioides	n
UP000007967	KRIFD	479435	Kribbella flavida	6940	100	bacteria_odb12	2347	50.42471818121899	60.87696147182775	NA	NA	Bacteria	NA	Actinobacteria	NA	Actinobacteria	NA	NA	Propionibacteriales	NA	NA	Kribbellaceae	NA	Kribbella	n
UP000008914	INTC7	710696	Intrasporangium calvum	3551	99.1	bacteria_odb12	1989	43.9736994829813	34.57881442306182	NA	NA	Bacteria	NA	Actinobacteria	NA	Actinobacteria	NA	NA	Micrococcales	NA	NA	Intrasporangiaceae	NA	Intrasporangium	n
UP000001116	KINRD	266940	Kineococcus radiotolerans	4674	100	bacteria_odb12	2018	43.735549650493994	31.61541981723605	NA	NA	Bacteria	NA	Actinobacteria	NA	Actinobacteria	NA	NA	Kineosporiales	NA	NA	Kineosporiaceae	NA	Kineococcus	n
UP000008639	PSEPM	930171	Pseudarthrobacter phenanthrenivorans	4081	100	bacteria_odb12	1994	47.83184360747709	33.918125866622	NA	NA	Bacteria	NA	Actinobacteria	NA	Actinobacteria	NA	NA	Micrococcales	NA	NA	Micrococcaceae	NA	Pseudarthrobacter	n
UP000001306	LEIXX	281090	Leifsonia xyli	2001	99.1	bacteria_odb12	1372	31.115188891328742	17.05188225054033	NA	NA	Bacteria	NA	Actinobacteria	NA	Actinobacteria	NA	NA	Micrococcales	NA	NA	Microbacteriaceae	NA	Leifsonia	n
UP000002200	TROWT	203267	Tropheryma whipplei	805	87.1	bacteria_odb12	781	16.362922000301456	11.178308628091221	NA	NA	Bacteria	NA	Actinobacteria	NA	Actinobacteria	NA	NA	Micrococcales	NA	NA	Tropherymataceae	NA	Tropheryma	n
UP000001919	BRAFD	446465	Brachybacterium faecium	3062	97.4	bacteria_odb12	1765	39.84314732026287	24.6183882049946	NA	NA	Bacteria	NA	Actinobacteria	NA	Actinobacteria	NA	NA	Micrococcales	NA	NA	Dermabacteraceae	NA	Brachybacterium	n
UP000008702	BIFAA	367928	Bifidobacterium adolescentis	1629	93.1	bacteria_odb12	1233	24.522411599255044	40.80086231370339	NA	NA	Bacteria	NA	Actinobacteria	NA	Actinobacteria	NA	NA	Bifidobacteriales	NA	NA	Bifidobacteriaceae	NA	Bifidobacterium	n
UP000000376	ARCHD	644284	Arcanobacterium haemolyticum	1717	90.5	bacteria_odb12	1293	20.994547766724352	43.67935678837873	NA	NA	Bacteria	NA	Actinobacteria	NA	Actinobacteria	NA	NA	Actinomycetales	NA	NA	Actinomycetaceae	NA	Arcanobacterium	n
UP000007962	BEUC1	471853	Beutenbergia cavernae	4195	98.3	bacteria_odb12	1949	41.445132590212474	31.408598282468866	NA	NA	Bacteria	NA	Actinobacteria	NA	Actinobacteria	NA	NA	Micrococcales	NA	NA	Beutenbergiaceae	NA	Beutenbergia	n
UP000000485	CELGA	593907	Cellulomonas gilvus	3153	99.1	bacteria_odb12	1878	35.83260438210774	57.08203714755883	NA	NA	Bacteria	NA	Actinobacteria	NA	Actinobacteria	NA	NA	Micrococcales	NA	NA	Cellulomonadaceae	NA	Cellulomonas	n
UP000009236	ISOV2	743718	Isoptericola variabilis	2879	98.3	bacteria_odb12	1810	37.85716272225109	57.55419378075627	NA	NA	Bacteria	NA	Actinobacteria	NA	Actinobacteria	NA	NA	Micrococcales	NA	NA	Promicromonosporaceae	NA	Isoptericola	n
UP000000628	JONDD	471856	Jonesia denitrificans	2495	98.3	bacteria_odb12	1675	33.21211286813772	54.06102035202298	NA	NA	Bacteria	NA	Actinobacteria	NA	Actinobacteria	NA	NA	Micrococcales	NA	NA	Jonesiaceae	NA	Jonesia	n
UP000000322	SANKS	446469	Sanguibacter keddieii	3710	98.3	bacteria_odb12	1947	39.500201706484155	59.00369529810289	NA	NA	Bacteria	NA	Actinobacteria	NA	Actinobacteria	NA	NA	Micrococcales	NA	NA	Sanguibacteraceae	NA	Sanguibacter	n
