node	name	taxa_level	n_descendants	prop_descendants_w_name	other_names	other_props	full_taxonomy	full_taxonomy_levels	habitat	habitat_probability	cellularity	cellularity_probability	genes_present	genes_gained	domains_present	domains_gained	KEGG_pathways_present	KEGG_pathways_gained	Reactome_pathways_present	Reactome_pathways_gained	nodes_in_results
509	cellular organisms	no rank	508	1	NA	NA	cellular organisms	no rank	NA	NA	NA	NA	78	78	706	685	5.75857071003299	5.75857071003299	7.003085410118536	5.95782012887051	n
510	cellular organisms	no rank	237	1	Eukaryota	0.841201716738197	cellular organisms	no rank	NA	NA	NA	NA	210	132	820	114	5.75857071003299	NA	44.36451197340886	30.819899768812295	n
511	Archaea	superkingdom	38	1	Archaea	1	cellular organisms, Archaea	no rank, superkingdom	NA	NA	NA	NA	246	70	627	41	4.535493527694121	NA	59.20098405161882	17.009856249062533	n
512	Archaea	superkingdom	37	1	Archaea	1	cellular organisms, Archaea	no rank, superkingdom	NA	NA	NA	NA	391	149	734	149	13.99454728994932	9.459053762255198	63.483522020685406	3.641685830876719	n
513	Thermoplasmatota	phylum	5	1	Archaea, Methanobacteriati, Thermoplasmatota	1, 1, 1	cellular organisms, Archaea, Methanobacteriati, Thermoplasmatota	no rank, superkingdom, kingdom, phylum	NA	NA	NA	NA	467	77	770	46	15.304856684313428	1.3103093943641086	63.496603128547136	0.5580682415102066	n
514	Methanomassiliicoccales	order	2	1	NA	NA	cellular organisms, Archaea, Methanobacteriati, Thermoplasmatota, Thermoplasmata, Methanomassiliicoccales	no rank, superkingdom, kingdom, phylum, class, order	NA	NA	NA	NA	873	415	934	190	20.663913939854865	5.378112133590216	67.11507456132328	5.833404642517109	n
515	Thermoplasmatota	phylum	3	1	NA	NA	cellular organisms, Archaea, Methanobacteriati, Thermoplasmatota	no rank, superkingdom, kingdom, phylum	NA	NA	NA	NA	594	130	848	89	17.646294291969816	2.502184068402847	65.90572235883153	1.5784695350235625	n
516	Thermoplasma	genus	2	1	NA	NA	cellular organisms, Archaea, Methanobacteriati, Thermoplasmatota, Thermoplasmata, Thermoplasmatales, Thermoplasmataceae, Thermoplasma	no rank, superkingdom, kingdom, phylum, class, order, family, genus	NA	NA	NA	NA	976	424	941	152	24.71838469307267	7.337563797033998	66.23314720115746	6.803964506550491	n
517	Archaea	superkingdom	32	1	NA	NA	cellular organisms, Archaea	no rank, superkingdom	NA	NA	NA	NA	427	39	767	50	15.935208281250889	1.9406609913015693	63.43176076547198	0.7478582216675647	n
518	Archaea	superkingdom	15	1	NA	NA	cellular organisms, Archaea	no rank, superkingdom	NA	NA	NA	NA	460	42	783	31	17.125729472929503	1.190521191678613	58.75713526906805	0.6349389052634656	n
519	Nitrososphaerota	phylum	3	1	NA	NA	cellular organisms, Archaea, Thermoproteati, Nitrososphaerota	no rank, superkingdom, kingdom, phylum	NA	NA	NA	NA	969	549	939	206	24.345349295998464	7.162935673098886	66.52296157605022	6.171134146649459	n
520	Nitrososphaerota	phylum	2	1	NA	NA	cellular organisms, Archaea, Thermoproteati, Nitrososphaerota	no rank, superkingdom, kingdom, phylum	NA	NA	NA	NA	1106	156	932	35	24.568509836879073	0.5150110120488861	67.95951742106472	1.38823005512314	n
521	Archaea	superkingdom	12	1	NA	NA	cellular organisms, Archaea	no rank, superkingdom	NA	NA	NA	NA	463	35	749	20	15.47237892250837	0.04265593561368202	57.57764313001304	0.36034873733031514	n
522	Archaea	superkingdom	3	1	NA	NA	cellular organisms, Archaea	no rank, superkingdom	NA	NA	NA	NA	468	16	734	9	15.055171834262746	NA	55.84941787773736	0.048303354739157235	n
523	Nanoarchaeales	order	2	1	NA	NA	cellular organisms, Archaea, Nanobdellati, Nanobdellota, Candidatus Nanoarchaeia, Nanoarchaeales	no rank, superkingdom, kingdom, phylum, class, order	NA	NA	NA	NA	345	44	459	4	4.2905682994605545	NA	50.735960579312064	0.10505473165387985	n
524	Thermoproteota	phylum	9	1	Thermoprotei	0.888888888888889	cellular organisms, Archaea, Thermoproteati, Thermoproteota	no rank, superkingdom, kingdom, phylum	NA	NA	NA	NA	668	213	834	93	18.39354148136657	2.921162558858198	61.873164671472885	2.744036850979064	n
525	Thermoprotei	class	8	1	NA	NA	cellular organisms, Archaea, Thermoproteati, Thermoproteota, Thermoprotei	no rank, superkingdom, kingdom, phylum, class	NA	NA	NA	NA	721	82	848	50	18.506024683433402	0.991484666149214	61.052082516377794	0.8201894846011356	n
526	Thermoprotei	class	7	1	NA	NA	cellular organisms, Archaea, Thermoproteati, Thermoproteota, Thermoprotei	no rank, superkingdom, kingdom, phylum, class	NA	NA	NA	NA	790	81	879	46	19.700924379286167	1.2090142036005327	61.332980167185845	0.4361786466980204	n
527	Thermoprotei	class	6	1	NA	NA	cellular organisms, Archaea, Thermoproteati, Thermoproteota, Thermoprotei	no rank, superkingdom, kingdom, phylum, class	NA	NA	NA	NA	815	85	867	22	19.250338329068885	0.5213224244924833	59.26515884496282	0.1505446980548526	n
528	Thermoprotei	class	5	1	NA	NA	cellular organisms, Archaea, Thermoproteati, Thermoproteota, Thermoprotei	no rank, superkingdom, kingdom, phylum, class	NA	NA	NA	NA	808	35	871	25	18.866435971860152	0.18911979451178118	58.79345860375076	0.20304639015951437	n
529	Thermoprotei	class	2	1	NA	NA	cellular organisms, Archaea, Thermoproteati, Thermoproteota, Thermoprotei	no rank, superkingdom, kingdom, phylum, class	NA	NA	NA	NA	876	84	901	43	20.198121475242026	1.5364815724258232	61.00559652390647	3.3638791725949533	n
530	Thermoprotei	class	3	1	NA	NA	cellular organisms, Archaea, Thermoproteati, Thermoproteota, Thermoprotei	no rank, superkingdom, kingdom, phylum, class	NA	NA	NA	NA	886	90	892	38	19.3148242399755	0.6562510834254224	59.24188795900466	0.46061990326003555	n
531	Acidilobales	order	2	1	NA	NA	cellular organisms, Archaea, Thermoproteati, Thermoproteota, Thermoprotei, Acidilobales	no rank, superkingdom, kingdom, phylum, class, order	NA	NA	NA	NA	1161	356	925	97	21.46047563244745	3.27014796346658	61.052962460098044	1.8645357434651373	n
532	Methanobacteriota	phylum	17	1	NA	NA	cellular organisms, Archaea, Methanobacteriati, Methanobacteriota	no rank, superkingdom, kingdom, phylum	NA	NA	NA	NA	544	120	857	108	18.530973272948223	2.6701253865402044	63.69307234678273	0.381291147538467	n
533	Methanomada group	clade	5	1	NA	NA	cellular organisms, Archaea, Methanobacteriati, Methanobacteriota, Methanomada group	no rank, superkingdom, kingdom, phylum, clade	NA	NA	NA	NA	707	180	932	110	19.99707500252671	1.7753259834363204	63.280320693297895	1.4476824796486254	n
534	Methanomada group	clade	4	1	NA	NA	cellular organisms, Archaea, Methanobacteriati, Methanobacteriota, Methanomada group	no rank, superkingdom, kingdom, phylum, clade	NA	NA	NA	NA	763	67	958	40	20.791000762825362	0.8758465781349628	63.872478702376085	0.1347057416321996	n
535	Methanobacteriales	order	2	1	NA	NA	cellular organisms, Archaea, Methanobacteriati, Methanobacteriota, Methanomada group, Methanobacteria, Methanobacteriales	no rank, superkingdom, kingdom, phylum, clade, class, order	NA	NA	NA	NA	920	177	1007	66	21.922936525923145	1.216053913782715	65.76408525328922	2.4456696226106356	n
536	Methanococcales	order	2	1	NA	NA	cellular organisms, Archaea, Methanobacteriati, Methanobacteriota, Methanomada group, Methanococci, Methanococcales	no rank, superkingdom, kingdom, phylum, clade, class, order	NA	NA	NA	NA	1053	303	1057	114	22.15336209855019	1.4974262707897632	64.23886642512491	1.5821813814289019	n
537	Methanobacteriota	phylum	12	1	Stenosarchaea group	0.916666666666667	cellular organisms, Archaea, Methanobacteriati, Methanobacteriota	no rank, superkingdom, kingdom, phylum	NA	NA	NA	NA	653	115	956	109	20.225715097088678	1.7214274672644507	63.532501695477634	0.7054415756693453	n
538	Stenosarchaea group	clade	11	1	NA	NA	cellular organisms, Archaea, Methanobacteriati, Methanobacteriota, Stenosarchaea group	no rank, superkingdom, kingdom, phylum, clade	NA	NA	NA	NA	772	130	1045	101	22.313642842332115	2.076391844484391	63.856261352856855	0.9147761578534793	n
539	Methanomicrobiales	order	4	1	NA	NA	cellular organisms, Archaea, Methanobacteriati, Methanobacteriota, Stenosarchaea group, Methanomicrobia, Methanomicrobiales	no rank, superkingdom, kingdom, phylum, clade, class, order	NA	NA	NA	NA	1071	331	1141	133	23.842261970142754	1.8308319845717849	69.33264920545712	5.273269849311661	n
540	Methanomicrobiales	order	3	1	NA	NA	cellular organisms, Archaea, Methanobacteriati, Methanobacteriota, Stenosarchaea group, Methanomicrobia, Methanomicrobiales	no rank, superkingdom, kingdom, phylum, clade, class, order	NA	NA	NA	NA	1244	178	1220	87	25.282736344012264	1.5025279452980795	70.17600750385436	2.114091437427959	n
541	Methanomicrobiales	order	2	1	NA	NA	cellular organisms, Archaea, Methanobacteriati, Methanobacteriota, Stenosarchaea group, Methanomicrobia, Methanomicrobiales	no rank, superkingdom, kingdom, phylum, clade, class, order	NA	NA	NA	NA	1389	146	1286	72	25.58535730102249	0.4302085057136218	70.68045321108515	0.7314660378718464	n
542	Stenosarchaea group	clade	7	1	NA	NA	cellular organisms, Archaea, Methanobacteriati, Methanobacteriota, Stenosarchaea group	no rank, superkingdom, kingdom, phylum, clade	NA	NA	NA	NA	782	22	1057	23	22.459515906405002	0.24248062793216485	64.05230293249711	0.4196776755184339	n
543	Methanomicrobia	class	2	1	NA	NA	cellular organisms, Archaea, Methanobacteriati, Methanobacteriota, Stenosarchaea group, Methanomicrobia	no rank, superkingdom, kingdom, phylum, clade, class	NA	NA	NA	NA	971	198	1127	86	23.141660913001544	0.76714714609162	64.46545452853746	0.9080704930747066	n
544	Stenosarchaea group	clade	5	1	Halobacteria, Halobacteriales	0.8, 0.8	cellular organisms, Archaea, Methanobacteriati, Methanobacteriota, Stenosarchaea group	no rank, superkingdom, kingdom, phylum, clade	NA	NA	NA	NA	914	140	1148	99	24.67697267061728	2.274194352864756	64.59147837848452	0.8197725888509504	n
545	Halobacteriales	order	4	1	NA	NA	cellular organisms, Archaea, Methanobacteriati, Methanobacteriota, Stenosarchaea group, Halobacteria, Halobacteriales	no rank, superkingdom, kingdom, phylum, clade, class, order	NA	NA	NA	NA	1529	829	1323	307	31.738782711550126	7.646124391362349	70.78007890633258	7.852609370855567	y
546	Halobacteriales	order	3	1	NA	NA	cellular organisms, Archaea, Methanobacteriati, Methanobacteriota, Stenosarchaea group, Halobacteria, Halobacteriales	no rank, superkingdom, kingdom, phylum, clade, class, order	NA	NA	NA	NA	1595	86	1311	17	31.517017538577083	0.3986229076762465	70.71827858962737	0.034242594657647944	n
547	Halobacteriales	order	2	1	NA	NA	cellular organisms, Archaea, Methanobacteriati, Methanobacteriota, Stenosarchaea group, Halobacteria, Halobacteriales	no rank, superkingdom, kingdom, phylum, clade, class, order	NA	NA	NA	NA	1966	393	1413	120	33.26594050201271	1.9562382103390465	72.58887645472343	2.83133676084359	n
548	Eukaryota	superkingdom	199	1	NA	NA	cellular organisms, Eukaryota	no rank, superkingdom	Aquatic	1	Unicellular	1	1752	1555	2171	1381	5.75857071003299	NA	168.43337073516057	104.16316694099056	y
549	Eukaryota	superkingdom	17	1	Eukaryota, Sar	1, 0.9375	cellular organisms, Eukaryota	no rank, superkingdom	Aquatic	0.96	Unicellular	0.98	2467	716	2530	371	3.8124168685021367	NA	196.2235345558858	37.245978817967845	n
550	Eukaryota	superkingdom	16	1	Eukaryota, Sar	1, 0.933333333333333	cellular organisms, Eukaryota	no rank, superkingdom	Aquatic	0.96	Unicellular	0.95	2640	178	2612	93	3.8124168685021367	NA	204.78833394844992	15.28616141563743	n
551	Eukaryota	superkingdom	6	1	Eukaryota	1	cellular organisms, Eukaryota	no rank, superkingdom	Aquatic	0.96	Unicellular	0.43	3167	543	2897	299	3.8124168685021367	NA	236.97763584439443	32.45827860131982	n
552	Saprolegnia	genus	2	1	NA	NA	cellular organisms, Eukaryota, Sar, Stramenopiles, Oomycota, Saprolegniales, Saprolegniaceae, Saprolegnia	no rank, superkingdom, clade, clade, phylum, order, family, genus	Aquatic	0.83	Multicellular	0.94	5571	2441	3373	500	0	NA	284.08957796081086	46.513387812401746	n
553	Eukaryota	superkingdom	4	1	Sar, Stramenopiles, Ochrophyta	0.75, 0.75, 0.75	cellular organisms, Eukaryota	no rank, superkingdom	Aquatic	0.95	Unicellular	0.43	3990	966	3150	338	3.8124168685021367	NA	244.39750062555302	19.5321563881653	n
554	Ochrophyta	clade	3	1	NA	NA	cellular organisms, Eukaryota, Sar, Stramenopiles, Ochrophyta	no rank, superkingdom, clade, clade, clade	Aquatic	0.91	Unicellular	0.42	4463	553	3192	104	3.8124168685021367	NA	256.41446979951553	18.71003541897586	n
555	Bacillariophyta	phylum	2	1	NA	NA	cellular organisms, Eukaryota, Sar, Stramenopiles, Ochrophyta, Bacillariophyta	no rank, superkingdom, clade, clade, clade, phylum	Aquatic	1	Unicellular	0.98	5506	1388	3117	132	57.25629324470483	53.443876376202695	253.49721945973207	21.143501836282088	n
556	Alveolata	clade	10	1	NA	NA	cellular organisms, Eukaryota, Sar, Alveolata	no rank, superkingdom, clade, clade	Aquatic	0.91	Unicellular	0.95	2648	165	2490	56	3.8124168685021367	NA	194.17341836045884	18.997700639587926	n
557	Oligohymenophorea	class	3	1	NA	NA	cellular organisms, Eukaryota, Sar, Alveolata, Ciliophora, Intramacronucleata, Oligohymenophorea	no rank, superkingdom, clade, clade, phylum, subphylum, class	Aquatic	0.92	Unicellular	0.44	3331	978	2358	96	3.8124168685021367	NA	202.15142627862946	36.19334520356962	n
558	Hymenostomatida	order	2	1	NA	NA	cellular organisms, Eukaryota, Sar, Alveolata, Ciliophora, Intramacronucleata, Oligohymenophorea, Hymenostomatida	no rank, superkingdom, clade, clade, phylum, subphylum, class, order	Aquatic	0.87	Unicellular	0.41	3651	373	2340	48	3.8124168685021367	NA	209.71773129736374	13.81696249855467	n
559	Alveolata	clade	7	1	Apicomplexa	0.857142857142857	cellular organisms, Eukaryota, Sar, Alveolata	no rank, superkingdom, clade, clade	Aquatic	0.72	Unicellular	1	2854	353	2471	91	3.8124168685021367	NA	189.5136929646498	19.94073708539814	n
560	Apicomplexa	phylum	6	1	NA	NA	cellular organisms, Eukaryota, Sar, Alveolata, Apicomplexa	no rank, superkingdom, clade, clade, phylum	Host-associated	0.86	Unicellular	0.97	2593	75	2185	8	3.8124168685021367	NA	178.00446501756747	8.851890357954627	n
561	Apicomplexa	phylum	5	1	NA	NA	cellular organisms, Eukaryota, Sar, Alveolata, Apicomplexa	no rank, superkingdom, clade, clade, phylum	Host-associated	0.94	Unicellular	0.97	1934	16	1676	4	3.8124168685021367	NA	156.18220417614253	2.167633665478279	n
562	Apicomplexa	phylum	4	1	Aconoidasida	0.75	cellular organisms, Eukaryota, Sar, Alveolata, Apicomplexa	no rank, superkingdom, clade, clade, phylum	Host-associated	0.96	Unicellular	0.97	1806	55	1561	11	19.042977014445974	15.230560145943835	147.4139986738773	4.9768495087079225	n
563	Aconoidasida	class	3	1	NA	NA	cellular organisms, Eukaryota, Sar, Alveolata, Apicomplexa, Aconoidasida	no rank, superkingdom, clade, clade, phylum, class	Host-associated	0.98	Unicellular	0.93	2237	557	1640	177	23.52316519133862	4.480188176892647	146.89072577324785	20.352382783242884	n
564	Piroplasmida	order	2	1	NA	NA	cellular organisms, Eukaryota, Sar, Alveolata, Apicomplexa, Aconoidasida, Piroplasmida	no rank, superkingdom, clade, clade, phylum, class, order	Host-associated	0.99	Unicellular	0.76	2474	457	1535	44	24.06010577228464	0.7575109882385712	143.50467871729643	7.373502347654746	n
565	Eukaryota	superkingdom	182	1	Opisthokonta	0.822222222222222	cellular organisms, Eukaryota	no rank, superkingdom	Aquatic	1	Unicellular	0.99	1852	100	2229	62	25.891955361406875	20.133384651373888	181.90715799058995	13.872831208343174	n
566	Eukaryota	superkingdom	25	1	Viridiplantae	0.92	cellular organisms, Eukaryota	no rank, superkingdom	Aquatic	0.99	Unicellular	0.6	2491	642	2584	359	47.45136957899552	21.55941421758864	190.68377006385268	14.81087568816009	n
567	Rhodophyta	phylum	2	1	NA	NA	cellular organisms, Eukaryota, Rhodophyta	no rank, superkingdom, phylum	Aquatic	0.99	Unicellular	0.55	2802	465	2568	139	52.316854407720434	4.8509920751017335	212.64848167608008	29.971952197384045	n
568	Viridiplantae	kingdom	23	1	Streptophyta, Streptophytina, Embryophyta	0.826086956521739, 0.826086956521739, 0.826086956521739	cellular organisms, Eukaryota, Viridiplantae	no rank, superkingdom, kingdom	Aquatic	0.96	Unicellular	0.31	3662	1189	3077	498	58.177521591641444	10.726152012645931	213.21355240247647	32.348011461837835	n
569	Chlorophyta	phylum	4	1	NA	NA	cellular organisms, Eukaryota, Viridiplantae, Chlorophyta	no rank, superkingdom, kingdom, phylum	Aquatic	1	Unicellular	0.34	3990	361	3160	102	59.7236901804801	1.5545019221719865	217.35890417556223	13.367005536975501	n
570	core chlorophytes	clade	2	1	NA	NA	cellular organisms, Eukaryota, Viridiplantae, Chlorophyta, core chlorophytes	no rank, superkingdom, kingdom, phylum, clade	Aquatic	1	Unicellular	0.38	5120	1159	3454	320	66.19781384262622	6.5519596456424845	243.1649189809711	29.13441979687657	n
571	Mamiellales	order	2	1	NA	NA	cellular organisms, Eukaryota, Viridiplantae, Chlorophyta, Mamiellophyceae, Mamiellales	no rank, superkingdom, kingdom, phylum, class, order	Aquatic	1	Unicellular	0.38	4895	1085	3174	157	59.98233615548986	2.008237504166254	225.71157007469787	18.761612471813635	n
572	Embryophyta	clade	19	1	Tracheophyta, Euphyllophyta, Spermatophyta, Magnoliopsida	0.894736842105263, 0.842105263157895, 0.842105263157895, 0.842105263157895	cellular organisms, Eukaryota, Viridiplantae, Streptophyta, Streptophytina, Embryophyta	no rank, superkingdom, kingdom, phylum, subphylum, clade	Terrestrial	0.99	Multicellular	0.99	5703	2062	3897	837	72.42868266174564	14.251161070104187	247.8713696307527	35.31701574739868	y
573	Embryophyta	clade	3	1	NA	NA	cellular organisms, Eukaryota, Viridiplantae, Streptophyta, Streptophytina, Embryophyta	no rank, superkingdom, kingdom, phylum, subphylum, clade	Terrestrial	0.99	Multicellular	1	6117	427	4016	123	72.02244074993169	NA	259.2345341684533	19.446805064657926	n
574	Embryophyta	clade	2	1	NA	NA	cellular organisms, Eukaryota, Viridiplantae, Streptophyta, Streptophytina, Embryophyta	no rank, superkingdom, kingdom, phylum, subphylum, clade	Terrestrial	1	Multicellular	1	6983	879	4227	215	71.72666234409019	NA	266.1321997356126	12.982436781399521	n
575	Magnoliopsida	class	16	1	Mesangiospermae	0.9375	cellular organisms, Eukaryota, Viridiplantae, Streptophyta, Streptophytina, Embryophyta, Tracheophyta, Euphyllophyta, Spermatophyta, Magnoliopsida	no rank, superkingdom, kingdom, phylum, subphylum, clade, clade, clade, clade, class	Terrestrial	1	Multicellular	1	7293	1617	4111	241	77.56555233072349	5.00263086555594	254.6991933013421	14.07498401112329	y
576	Mesangiospermae	clade	15	1	NA	NA	cellular organisms, Eukaryota, Viridiplantae, Streptophyta, Streptophytina, Embryophyta, Tracheophyta, Euphyllophyta, Spermatophyta, Magnoliopsida, Mesangiospermae	no rank, superkingdom, kingdom, phylum, subphylum, clade, clade, clade, clade, class, clade	Terrestrial	1	Multicellular	1	7481	196	4162	55	77.30538686756138	NA	256.690151415	6.247585037877262	n
577	Liliopsida	clade	4	1	Petrosaviidae, commelinids	0.75, 0.75	cellular organisms, Eukaryota, Viridiplantae, Streptophyta, Streptophytina, Embryophyta, Tracheophyta, Euphyllophyta, Spermatophyta, Magnoliopsida, Mesangiospermae, Liliopsida	no rank, superkingdom, kingdom, phylum, subphylum, clade, clade, clade, clade, class, clade, clade	Terrestrial	0.99	Multicellular	1	7488	76	4139	6	76.39842409935774	NA	258.25302084224376	5.414098006718745	n
578	commelinids	clade	3	1	NA	NA	cellular organisms, Eukaryota, Viridiplantae, Streptophyta, Streptophytina, Embryophyta, Tracheophyta, Euphyllophyta, Spermatophyta, Magnoliopsida, Mesangiospermae, Liliopsida, Petrosaviidae, commelinids	no rank, superkingdom, kingdom, phylum, subphylum, clade, clade, clade, clade, class, clade, clade, subclass, clade	Terrestrial	1	Multicellular	1	7594	153	4138	22	78.54500894050904	2.1465848411512973	259.0795755086402	2.6303925581705903	n
579	Poaceae	family	2	1	NA	NA	cellular organisms, Eukaryota, Viridiplantae, Streptophyta, Streptophytina, Embryophyta, Tracheophyta, Euphyllophyta, Spermatophyta, Magnoliopsida, Mesangiospermae, Liliopsida, Petrosaviidae, commelinids, Poales, Poaceae	no rank, superkingdom, kingdom, phylum, subphylum, clade, clade, clade, clade, class, clade, clade, subclass, clade, order, family	Terrestrial	1	Multicellular	1	8875	1370	4195	80	79.71335355107188	1.168344610562841	256.59917752163864	3.51709622930211	n
580	Pentapetalae	clade	11	1	NA	NA	cellular organisms, Eukaryota, Viridiplantae, Streptophyta, Streptophytina, Embryophyta, Tracheophyta, Euphyllophyta, Spermatophyta, Magnoliopsida, Mesangiospermae, eudicotyledons, Gunneridae, Pentapetalae	no rank, superkingdom, kingdom, phylum, subphylum, clade, clade, clade, clade, class, clade, clade, clade, clade	Terrestrial	1	Multicellular	1	7850	375	4205	48	79.07343798988869	1.7680511223273077	257.1889506941156	0.5725008261979725	n
581	rosids	clade	2	1	NA	NA	cellular organisms, Eukaryota, Viridiplantae, Streptophyta, Streptophytina, Embryophyta, Tracheophyta, Euphyllophyta, Spermatophyta, Magnoliopsida, Mesangiospermae, eudicotyledons, Gunneridae, Pentapetalae, rosids	no rank, superkingdom, kingdom, phylum, subphylum, clade, clade, clade, clade, class, clade, clade, clade, clade, clade	Terrestrial	1	Multicellular	1	8022	195	4213	18	79.16729655179925	0.19073259689341446	259.0121569508197	3.7300107315641355	n
582	Pentapetalae	clade	9	1	NA	NA	cellular organisms, Eukaryota, Viridiplantae, Streptophyta, Streptophytina, Embryophyta, Tracheophyta, Euphyllophyta, Spermatophyta, Magnoliopsida, Mesangiospermae, eudicotyledons, Gunneridae, Pentapetalae	no rank, superkingdom, kingdom, phylum, subphylum, clade, clade, clade, clade, class, clade, clade, clade, clade	Terrestrial	1	Multicellular	1	8009	162	4227	24	79.76399081761258	0.7113861610572181	257.52476119522333	1.3695214701371659	n
583	asterids	clade	3	1	NA	NA	cellular organisms, Eukaryota, Viridiplantae, Streptophyta, Streptophytina, Embryophyta, Tracheophyta, Euphyllophyta, Spermatophyta, Magnoliopsida, Mesangiospermae, eudicotyledons, Gunneridae, Pentapetalae, asterids	no rank, superkingdom, kingdom, phylum, subphylum, clade, clade, clade, clade, class, clade, clade, clade, clade, clade	Terrestrial	1	Multicellular	1	8063	83	4236	16	79.7768913013648	0.0802998811403797	258.3190809385693	2.419335524169927	n
584	campanulids	clade	2	1	NA	NA	cellular organisms, Eukaryota, Viridiplantae, Streptophyta, Streptophytina, Embryophyta, Tracheophyta, Euphyllophyta, Spermatophyta, Magnoliopsida, Mesangiospermae, eudicotyledons, Gunneridae, Pentapetalae, asterids, campanulids	no rank, superkingdom, kingdom, phylum, subphylum, clade, clade, clade, clade, class, clade, clade, clade, clade, clade, clade	Terrestrial	1	Multicellular	1	8183	177	4229	11	80.10834358615143	0.44741230699781775	259.03522235247993	2.3415851041344373	n
585	rosids	clade	6	1	NA	NA	cellular organisms, Eukaryota, Viridiplantae, Streptophyta, Streptophytina, Embryophyta, Tracheophyta, Euphyllophyta, Spermatophyta, Magnoliopsida, Mesangiospermae, eudicotyledons, Gunneridae, Pentapetalae, rosids	no rank, superkingdom, kingdom, phylum, subphylum, clade, clade, clade, clade, class, clade, clade, clade, clade, clade	Terrestrial	1	Multicellular	1	8189	188	4236	17	80.12997419391306	0.3939422099196954	257.4448839157717	0.2683192820303867	n
586	rosids	clade	5	1	fabids	0.8	cellular organisms, Eukaryota, Viridiplantae, Streptophyta, Streptophytina, Embryophyta, Tracheophyta, Euphyllophyta, Spermatophyta, Magnoliopsida, Mesangiospermae, eudicotyledons, Gunneridae, Pentapetalae, rosids	no rank, superkingdom, kingdom, phylum, subphylum, clade, clade, clade, clade, class, clade, clade, clade, clade, clade	Terrestrial	1	Multicellular	1	8221	108	4207	5	79.22853253570868	NA	256.68669017549144	NA	n
587	fabids	clade	2	1	NA	NA	cellular organisms, Eukaryota, Viridiplantae, Streptophyta, Streptophytina, Embryophyta, Tracheophyta, Euphyllophyta, Spermatophyta, Magnoliopsida, Mesangiospermae, eudicotyledons, Gunneridae, Pentapetalae, rosids, fabids	no rank, superkingdom, kingdom, phylum, subphylum, clade, clade, clade, clade, class, clade, clade, clade, clade, clade, clade	Terrestrial	1	Multicellular	1	8270	79	4214	17	77.52480661704949	NA	256.91655312859405	0.43703657227816867	n
588	rosids	clade	3	1	NA	NA	cellular organisms, Eukaryota, Viridiplantae, Streptophyta, Streptophytina, Embryophyta, Tracheophyta, Euphyllophyta, Spermatophyta, Magnoliopsida, Mesangiospermae, eudicotyledons, Gunneridae, Pentapetalae, rosids	no rank, superkingdom, kingdom, phylum, subphylum, clade, clade, clade, clade, class, clade, clade, clade, clade, clade	Terrestrial	1	Multicellular	1	8372	170	4205	13	79.22853253570868	NA	256.59776828443614	0.7872339927320223	n
589	Malpighiales	order	2	1	NA	NA	cellular organisms, Eukaryota, Viridiplantae, Streptophyta, Streptophytina, Embryophyta, Tracheophyta, Euphyllophyta, Spermatophyta, Magnoliopsida, Mesangiospermae, eudicotyledons, Gunneridae, Pentapetalae, rosids, fabids, Malpighiales	no rank, superkingdom, kingdom, phylum, subphylum, clade, clade, clade, clade, class, clade, clade, clade, clade, clade, clade, order	Terrestrial	1	Multicellular	1	8603	254	4219	18	79.05278692254026	NA	257.09632758534093	1.9154080142188248	n
590	Eukaryota	superkingdom	157	1	Opisthokonta	0.954838709677419	cellular organisms, Eukaryota	no rank, superkingdom	Aquatic	0.69	Unicellular	0.94	1983	146	2272	103	27.44759626510698	1.613211572605785	199.54064654873844	18.590832847191372	n
591	Eukaryota	superkingdom	3	1	NA	NA	cellular organisms, Eukaryota	no rank, superkingdom	Host-associated	0.55	Unicellular	0.94	1983	197	2109	78	29.89517540784387	2.4475791427368883	188.7854502731109	13.396509189752296	n
592	Leishmania	genus	2	1	NA	NA	cellular organisms, Eukaryota, Discoba, Euglenozoa, Heterolobosea, Kinetoplastea, Tetramitia, Eutetramitia, Metakinetoplastina, Trypanosomatida, Vahlkampfiidae, Naegleria, Trypanosomatidae, Leishmaniinae, Naegleria gruberi, Leishmania	no rank, superkingdom, clade, phylum, phylum, class, clade, clade, subclass, order, family, genus, family, subfamily, species, genus	Host-associated	0.65	Unicellular	0.94	2338	405	2199	152	41.52660914033087	11.693591700305344	209.35020721100162	27.154929723547372	n
593	Eukaryota	superkingdom	154	1	Opisthokonta	0.973684210526316	cellular organisms, Eukaryota	no rank, superkingdom	Aquatic	0.65	Unicellular	0.78	2064	100	2326	79	27.282862954336633	NA	212.75760686789164	19.539542943594064	n
594	Evosea	phylum	4	1	Eumycetozoa, Dictyostelia	0.75, 0.75	cellular organisms, Eukaryota, Amoebozoa, Evosea	no rank, superkingdom, clade, phylum	Aquatic	0.54	Unicellular	0.71	2239	214	2374	88	31.664579187696013	4.381716233359379	224.51973480376444	28.89290891179861	n
595	Dictyostelia	clade	3	1	NA	NA	cellular organisms, Eukaryota, Amoebozoa, Evosea, Eumycetozoa, Dictyostelia	no rank, superkingdom, clade, phylum, class, clade	Terrestrial	0.99	Multicellular	0.99	4674	2470	3259	901	31.415234796561027	NA	311.4254674497357	87.61985688148332	y
596	Acytosteliales	order	2	1	NA	NA	cellular organisms, Eukaryota, Amoebozoa, Evosea, Eumycetozoa, Dictyostelia, Acytosteliales	no rank, superkingdom, clade, phylum, class, clade, order	Terrestrial	1	Multicellular	1	5048	382	3356	102	31.100570251882033	NA	311.60642991856434	4.264929916358354	n
597	Opisthokonta	clade	150	1	NA	NA	cellular organisms, Eukaryota, Opisthokonta	no rank, superkingdom, clade	Aquatic	0.66	Unicellular	0.65	2341	299	2498	179	25.405179677819227	NA	241.89898066608805	35.445250986430224	n
598	Opisthokonta	clade	51	1	Fungi, Dikarya	0.979591836734694, 0.897959183673469	cellular organisms, Eukaryota, Opisthokonta	no rank, superkingdom, clade	Host-associated	0.59	Unicellular	0.65	2464	195	2528	114	0	NA	247.03672877375914	23.10986864508942	n
599	Fungi	kingdom	50	1	Dikarya	0.916666666666667	cellular organisms, Eukaryota, Opisthokonta, Fungi	no rank, superkingdom, clade, kingdom	Host-associated	0.84	Unicellular	0.68	2368	39	2462	40	0	NA	234.18469357567162	9.043559934803481	n
600	Fungi	kingdom	49	1	Dikarya	0.936170212765957	cellular organisms, Eukaryota, Opisthokonta, Fungi	no rank, superkingdom, clade, kingdom	Host-associated	0.84	Unicellular	0.69	2165	16	2339	15	0	NA	225.6435717818287	12.852914450139163	n
601	Microsporidia	phylum	3	1	NA	NA	cellular organisms, Eukaryota, Opisthokonta, Fungi, Fungi incertae sedis, Microsporidia	no rank, superkingdom, clade, kingdom, no rank, phylum	Host-associated	0.94	Unicellular	0.94	1191	319	1059	31	0	NA	134.29740317563352	24.538238242251943	n
602	Apansporoblastina	suborder	2	1	NA	NA	cellular organisms, Eukaryota, Opisthokonta, Fungi, Fungi incertae sedis, Microsporidia, Apansporoblastina	no rank, superkingdom, clade, kingdom, no rank, phylum, suborder	Host-associated	0.97	Unicellular	0.98	1266	124	1008	9	6.9866013855798705	6.9866013855798705	132.99646699955218	2.6014816220209087	n
603	Dikarya	subkingdom	46	1	NA	NA	cellular organisms, Eukaryota, Opisthokonta, Fungi, Dikarya	no rank, superkingdom, clade, kingdom, subkingdom	Host-associated	0.72	Unicellular	0.75	3077	928	3029	699	0	NA	261.2504855068135	43.495348734015856	y
604	Basidiomycota	phylum	16	1	NA	NA	cellular organisms, Eukaryota, Opisthokonta, Fungi, Dikarya, Basidiomycota	no rank, superkingdom, clade, kingdom, subkingdom, phylum	Host-associated	0.8	Unicellular	0.78	3310	244	3067	47	25.122939663290563	25.122939663290563	264.9669009779032	10.306171984754867	n
605	Malassezia	genus	2	1	NA	NA	cellular organisms, Eukaryota, Opisthokonta, Fungi, Dikarya, Basidiomycota, Ustilaginomycotina, Malasseziomycetes, Malasseziales, Malasseziaceae, Malassezia	no rank, superkingdom, clade, kingdom, subkingdom, phylum, subphylum, class, order, family, genus	Host-associated	0.99	Unicellular	0.97	3528	262	3092	58	31.79048850066083	6.667548837370269	267.18116578312424	7.16810272116468	n
606	Basidiomycota	phylum	14	1	Eukaryota, Opisthokonta, Fungi, Dikarya, Basidiomycota	1, 1, 1, 1, 1	cellular organisms, Eukaryota, Opisthokonta, Fungi, Dikarya, Basidiomycota	no rank, superkingdom, clade, kingdom, subkingdom, phylum	Host-associated	0.79	Unicellular	0.71	3477	173	3123	59	25.122939663290563	NA	265.9801527371499	3.7276563247447587	n
607	Pucciniomycotina	subphylum	4	1	NA	NA	cellular organisms, Eukaryota, Opisthokonta, Fungi, Dikarya, Basidiomycota, Pucciniomycotina	no rank, superkingdom, clade, kingdom, subkingdom, phylum, subphylum	Host-associated	0.94	Unicellular	0.76	3766	308	3202	97	25.122939663290563	NA	267.8879771129185	4.617739277527088	n
608	Pucciniomycotina	subphylum	3	1	NA	NA	cellular organisms, Eukaryota, Opisthokonta, Fungi, Dikarya, Basidiomycota, Pucciniomycotina	no rank, superkingdom, clade, kingdom, subkingdom, phylum, subphylum	Host-associated	0.95	Unicellular	0.92	4015	284	3249	80	0	NA	268.4496269512921	2.835965565918018	n
609	Microbotryomycetes	class	2	1	NA	NA	cellular organisms, Eukaryota, Opisthokonta, Fungi, Dikarya, Basidiomycota, Pucciniomycotina, Microbotryomycetes	no rank, superkingdom, clade, kingdom, subkingdom, phylum, subphylum, class	Host-associated	0.89	Unicellular	0.99	4507	516	3333	112	0	NA	271.43816016746206	12.869654399196637	n
610	Basidiomycota	phylum	10	1	Eukaryota, Opisthokonta, Fungi, Dikarya, Basidiomycota, Agaricomycotina	1, 1, 1, 1, 1, 0.888888888888889	cellular organisms, Eukaryota, Opisthokonta, Fungi, Dikarya, Basidiomycota	no rank, superkingdom, clade, kingdom, subkingdom, phylum	Terrestrial	0.62	Unicellular	0.32	3596	155	3153	53	25.122939663290563	NA	265.6244232310645	4.29422428840174	y
611	Agaricomycotina	subphylum	9	1	Eukaryota, Opisthokonta, Fungi, Dikarya, Basidiomycota, Agaricomycotina	1, 1, 1, 1, 1, 1	cellular organisms, Eukaryota, Opisthokonta, Fungi, Dikarya, Basidiomycota, Agaricomycotina	no rank, superkingdom, clade, kingdom, subkingdom, phylum, subphylum	Terrestrial	0.72	Multicellular	0.77	3933	366	3250	114	25.122939663290563	NA	267.80834417160645	9.649767855101224	y
612	Tremellales	order	2	1	NA	NA	cellular organisms, Eukaryota, Opisthokonta, Fungi, Dikarya, Basidiomycota, Agaricomycotina, Tremellomycetes, Tremellales	no rank, superkingdom, clade, kingdom, subkingdom, phylum, subphylum, class, order	Terrestrial	0.99	Multicellular	0.69	4529	672	3282	83	36.63457866419555	11.511639000904987	269.6305460140751	7.937479610944227	n
613	Agaricomycetes	class	7	1	Eukaryota, Opisthokonta, Fungi, Dikarya, Basidiomycota, Agaricomycotina, Agaricomycetes	1, 1, 1, 1, 1, 1, 1	cellular organisms, Eukaryota, Opisthokonta, Fungi, Dikarya, Basidiomycota, Agaricomycotina, Agaricomycetes	no rank, superkingdom, clade, kingdom, subkingdom, phylum, subphylum, class	Terrestrial	0.73	Multicellular	0.99	4541	643	3392	169	0	NA	271.6232784081443	8.958863615261723	n
614	Agaricomycetes	class	6	1	Eukaryota, Opisthokonta, Fungi, Dikarya, Basidiomycota, Agaricomycotina, Agaricomycetes	1, 1, 1, 1, 1, 1, 1	cellular organisms, Eukaryota, Opisthokonta, Fungi, Dikarya, Basidiomycota, Agaricomycotina, Agaricomycetes	no rank, superkingdom, clade, kingdom, subkingdom, phylum, subphylum, class	Terrestrial	0.89	Multicellular	1	4833	323	3422	60	0	NA	274.03242591427045	4.927008332295426	n
615	Agaricales	order	2	1	NA	NA	cellular organisms, Eukaryota, Opisthokonta, Fungi, Dikarya, Basidiomycota, Agaricomycotina, Agaricomycetes, Agaricomycetidae, Agaricales	no rank, superkingdom, clade, kingdom, subkingdom, phylum, subphylum, class, subclass, order	Terrestrial	0.9	Multicellular	1	5121	344	3431	57	15.14279667729113	15.14279667729113	274.8638341619854	9.032711174147405	n
616	Polyporales	order	4	1	Eukaryota, Opisthokonta, Fungi, Dikarya, Basidiomycota, Agaricomycotina, Agaricomycetes, Agaricomycetes incertae sedis, Polyporales	1, 1, 1, 1, 1, 1, 1, 1, 1	cellular organisms, Eukaryota, Opisthokonta, Fungi, Dikarya, Basidiomycota, Agaricomycotina, Agaricomycetes, Agaricomycetes incertae sedis, Polyporales	no rank, superkingdom, clade, kingdom, subkingdom, phylum, subphylum, class, no rank, order	Terrestrial	0.99	Multicellular	1	5425	615	3513	100	0	NA	275.97191252878	5.908758214650398	n
617	Polyporales	order	3	1	NA	NA	cellular organisms, Eukaryota, Opisthokonta, Fungi, Dikarya, Basidiomycota, Agaricomycotina, Agaricomycetes, Agaricomycetes incertae sedis, Polyporales	no rank, superkingdom, clade, kingdom, subkingdom, phylum, subphylum, class, no rank, order	Terrestrial	0.99	Multicellular	1	5488	126	3498	22	0	NA	273.752715321367	1.9393722641772233	n
618	Polyporales	order	2	1	NA	NA	cellular organisms, Eukaryota, Opisthokonta, Fungi, Dikarya, Basidiomycota, Agaricomycotina, Agaricomycetes, Agaricomycetes incertae sedis, Polyporales	no rank, superkingdom, clade, kingdom, subkingdom, phylum, subphylum, class, no rank, order	Terrestrial	0.96	Multicellular	0.96	5438	112	3418	13	0	NA	266.38669567337377	0.3073304114666561	n
619	Ascomycota	phylum	30	1	saccharomyceta	0.9	cellular organisms, Eukaryota, Opisthokonta, Fungi, Dikarya, Ascomycota	no rank, superkingdom, clade, kingdom, subkingdom, phylum	Terrestrial	0.74	Unicellular	0.75	3332	261	3222	200	0	NA	267.0305027233433	14.03129340220717	y
620	Taphrinomycotina	subphylum	3	1	NA	NA	cellular organisms, Eukaryota, Opisthokonta, Fungi, Dikarya, Ascomycota, Taphrinomycotina	no rank, superkingdom, clade, kingdom, subkingdom, phylum, subphylum	Terrestrial	0.83	Unicellular	0.86	3459	151	3308	96	0	NA	268.6814263268488	9.108592389517526	n
621	Schizosaccharomyces	genus	2	1	NA	NA	cellular organisms, Eukaryota, Opisthokonta, Fungi, Dikarya, Ascomycota, Taphrinomycotina, Schizosaccharomycetes, Schizosaccharomycetales, Schizosaccharomycetaceae, Schizosaccharomyces	no rank, superkingdom, clade, kingdom, subkingdom, phylum, subphylum, class, order, family, genus	Terrestrial	1	Unicellular	0.99	3683	575	3217	104	0	NA	261.17259852001916	19.309117836177904	n
622	saccharomyceta	clade	27	1	NA	NA	cellular organisms, Eukaryota, Opisthokonta, Fungi, Dikarya, Ascomycota, saccharomyceta	no rank, superkingdom, clade, kingdom, subkingdom, phylum, clade	Terrestrial	0.74	Unicellular	0.63	3563	244	3306	96	0	NA	271.73207934112213	14.908934633845979	n
623	Saccharomycotina	subphylum	7	1	NA	NA	cellular organisms, Eukaryota, Opisthokonta, Fungi, Dikarya, Ascomycota, saccharomyceta, Saccharomycotina	no rank, superkingdom, clade, kingdom, subkingdom, phylum, clade, subphylum	Terrestrial	0.95	Unicellular	0.65	3653	191	3299	75	0	NA	274.33530375832146	11.302367871257182	n
624	Saccharomycotina	subphylum	6	1	NA	NA	cellular organisms, Eukaryota, Opisthokonta, Fungi, Dikarya, Ascomycota, saccharomyceta, Saccharomycotina	no rank, superkingdom, clade, kingdom, subkingdom, phylum, clade, subphylum	Terrestrial	1	Unicellular	1	3604	158	3230	50	0	NA	264.08925582849605	8.350744472328133	n
625	Pichiomycetes	class	3	1	NA	NA	cellular organisms, Eukaryota, Opisthokonta, Fungi, Dikarya, Ascomycota, saccharomyceta, Saccharomycotina, Pichiomycetes	no rank, superkingdom, clade, kingdom, subkingdom, phylum, clade, subphylum, class	Terrestrial	1	Unicellular	1	3700	124	3225	23	0	NA	264.33748573592777	1.9770483494703865	n
626	Debaryomycetaceae	family	2	1	NA	NA	cellular organisms, Eukaryota, Opisthokonta, Fungi, Dikarya, Ascomycota, saccharomyceta, Saccharomycotina, Pichiomycetes, Serinales, Debaryomycetaceae	no rank, superkingdom, clade, kingdom, subkingdom, phylum, clade, subphylum, class, order, family	Terrestrial	0.95	Unicellular	1	4039	402	3261	69	0	NA	262.22399027483834	2.6541514437783578	n
627	Saccharomycetes	class	3	1	NA	NA	cellular organisms, Eukaryota, Opisthokonta, Fungi, Dikarya, Ascomycota, saccharomyceta, Saccharomycotina, Saccharomycetes	no rank, superkingdom, clade, kingdom, subkingdom, phylum, clade, subphylum, class	Terrestrial	1	Unicellular	1	3669	110	3245	52	0	NA	264.3943124272073	7.178850761227964	n
628	Saccharomycetaceae	family	2	1	NA	NA	cellular organisms, Eukaryota, Opisthokonta, Fungi, Dikarya, Ascomycota, saccharomyceta, Saccharomycotina, Saccharomycetes, Saccharomycetales, Saccharomycetaceae	no rank, superkingdom, clade, kingdom, subkingdom, phylum, clade, subphylum, class, order, family	Terrestrial	1	Unicellular	1	3748	304	3241	109	35.298160457595635	35.298160457595635	262.3622097253012	10.52972821133834	n
629	Pezizomycotina	subphylum	20	1	leotiomyceta	0.9	cellular organisms, Eukaryota, Opisthokonta, Fungi, Dikarya, Ascomycota, saccharomyceta, Pezizomycotina	no rank, superkingdom, clade, kingdom, subkingdom, phylum, clade, subphylum	Host-associated	0.58	Multicellular	0.97	4359	816	3548	258	0	NA	280.94606476702785	19.96384358868429	y
630	Pezizomycotina	subphylum	2	1	NA	NA	cellular organisms, Eukaryota, Opisthokonta, Fungi, Dikarya, Ascomycota, saccharomyceta, Pezizomycotina	no rank, superkingdom, clade, kingdom, subkingdom, phylum, clade, subphylum	Host-associated	0.58	Multicellular	1	4573	227	3604	69	0	NA	283.6580796247133	4.434519019523622	n
631	leotiomyceta	clade	18	1	NA	NA	cellular organisms, Eukaryota, Opisthokonta, Fungi, Dikarya, Ascomycota, saccharomyceta, Pezizomycotina, leotiomyceta	no rank, superkingdom, clade, kingdom, subkingdom, phylum, clade, subphylum, clade	Host-associated	0.92	Multicellular	1	4994	641	3706	170	0	NA	283.1457021964382	11.475651130648012	n
632	leotiomyceta	clade	7	1	NA	NA	cellular organisms, Eukaryota, Opisthokonta, Fungi, Dikarya, Ascomycota, saccharomyceta, Pezizomycotina, leotiomyceta	no rank, superkingdom, clade, kingdom, subkingdom, phylum, clade, subphylum, clade	Host-associated	0.99	Multicellular	1	5111	123	3729	32	0	NA	284.3295302066704	1.847503229766289	n
633	Eurotiomycetidae	subclass	3	1	NA	NA	cellular organisms, Eukaryota, Opisthokonta, Fungi, Dikarya, Ascomycota, saccharomyceta, Pezizomycotina, leotiomyceta, Eurotiomycetes, Eurotiomycetidae	no rank, superkingdom, clade, kingdom, subkingdom, phylum, clade, subphylum, clade, class, subclass	Host-associated	0.99	Multicellular	1	5250	239	3723	44	0	NA	281.5944251327308	0.6825529219663651	n
634	Eurotiales	order	2	1	NA	NA	cellular organisms, Eukaryota, Opisthokonta, Fungi, Dikarya, Ascomycota, saccharomyceta, Pezizomycotina, leotiomyceta, Eurotiomycetes, Eurotiomycetidae, Eurotiales	no rank, superkingdom, clade, kingdom, subkingdom, phylum, clade, subphylum, clade, class, subclass, order	Host-associated	0.97	Multicellular	1	5781	564	3844	133	0	NA	282.67226767705836	6.625125240538975	n
635	Dothideomycetes	class	4	1	Pleosporomycetidae, Pleosporales, Pleosporineae	0.75, 0.75, 0.75	cellular organisms, Eukaryota, Opisthokonta, Fungi, Dikarya, Ascomycota, saccharomyceta, Pezizomycotina, leotiomyceta, dothideomyceta, Dothideomycetes	no rank, superkingdom, clade, kingdom, subkingdom, phylum, clade, subphylum, clade, clade, class	Host-associated	1	Multicellular	0.99	5588	502	3805	92	0	NA	284.3024660329435	3.88364153985772	n
636	Pleosporineae	suborder	3	1	NA	NA	cellular organisms, Eukaryota, Opisthokonta, Fungi, Dikarya, Ascomycota, saccharomyceta, Pezizomycotina, leotiomyceta, dothideomyceta, Dothideomycetes, Pleosporomycetidae, Pleosporales, Pleosporineae	no rank, superkingdom, clade, kingdom, subkingdom, phylum, clade, subphylum, clade, clade, class, subclass, order, suborder	Host-associated	1	Multicellular	1	6453	917	3858	78	0	NA	283.02450111602894	8.49403465841545	n
637	Pleosporineae	suborder	2	1	NA	NA	cellular organisms, Eukaryota, Opisthokonta, Fungi, Dikarya, Ascomycota, saccharomyceta, Pezizomycotina, leotiomyceta, dothideomyceta, Dothideomycetes, Pleosporomycetidae, Pleosporales, Pleosporineae	no rank, superkingdom, clade, kingdom, subkingdom, phylum, clade, subphylum, clade, clade, class, subclass, order, suborder	Host-associated	1	Multicellular	0.99	6580	157	3885	37	0	NA	282.5318176966224	0.5483508410465923	n
638	sordariomyceta	clade	11	1	Sordariomycetes	0.909090909090909	cellular organisms, Eukaryota, Opisthokonta, Fungi, Dikarya, Ascomycota, saccharomyceta, Pezizomycotina, leotiomyceta, sordariomyceta	no rank, superkingdom, clade, kingdom, subkingdom, phylum, clade, subphylum, clade, clade	Host-associated	0.92	Multicellular	1	5476	497	3791	96	42.66914801105762	42.66914801105762	283.1038340506352	1.6981192529336095	n
639	Sordariomycetes	class	10	1	NA	NA	cellular organisms, Eukaryota, Opisthokonta, Fungi, Dikarya, Ascomycota, saccharomyceta, Pezizomycotina, leotiomyceta, sordariomyceta, Sordariomycetes	no rank, superkingdom, clade, kingdom, subkingdom, phylum, clade, subphylum, clade, clade, class	Host-associated	0.99	Multicellular	1	5799	349	3844	77	43.37489369500703	0.7057456839494097	284.47839993328193	3.131589657473695	n
640	Xylariales	order	2	1	NA	NA	cellular organisms, Eukaryota, Opisthokonta, Fungi, Dikarya, Ascomycota, saccharomyceta, Pezizomycotina, leotiomyceta, sordariomyceta, Sordariomycetes, Xylariomycetidae, Xylariales	no rank, superkingdom, clade, kingdom, subkingdom, phylum, clade, subphylum, clade, clade, class, subclass, order	Host-associated	1	Multicellular	1	6472	706	3909	81	48.27531420015405	4.900420505147018	285.54538716078656	3.8939588233006286	n
641	Sordariomycetes	class	8	1	NA	NA	cellular organisms, Eukaryota, Opisthokonta, Fungi, Dikarya, Ascomycota, saccharomyceta, Pezizomycotina, leotiomyceta, sordariomyceta, Sordariomycetes	no rank, superkingdom, clade, kingdom, subkingdom, phylum, clade, subphylum, clade, clade, class	Host-associated	0.99	Multicellular	1	5902	127	3861	27	43.37489369500703	NA	285.346440415092	2.1882859493888036	n
642	Sordariomycetidae	subclass	3	1	NA	NA	cellular organisms, Eukaryota, Opisthokonta, Fungi, Dikarya, Ascomycota, saccharomyceta, Pezizomycotina, leotiomyceta, sordariomyceta, Sordariomycetes, Sordariomycetidae	no rank, superkingdom, clade, kingdom, subkingdom, phylum, clade, subphylum, clade, clade, class, subclass	Host-associated	0.84	Multicellular	1	5893	108	3852	24	43.37489369500703	NA	286.04373524532537	1.9127806853942568	n
643	Magnaporthales	order	2	1	NA	NA	cellular organisms, Eukaryota, Opisthokonta, Fungi, Dikarya, Ascomycota, saccharomyceta, Pezizomycotina, leotiomyceta, sordariomyceta, Sordariomycetes, Sordariomycetidae, Magnaporthales	no rank, superkingdom, clade, kingdom, subkingdom, phylum, clade, subphylum, clade, clade, class, subclass, order	Host-associated	0.83	Multicellular	0.92	6266	473	3857	44	43.02907384621194	NA	288.05048907588395	6.821809287340324	n
644	Hypocreomycetidae	subclass	5	1	NA	NA	cellular organisms, Eukaryota, Opisthokonta, Fungi, Dikarya, Ascomycota, saccharomyceta, Pezizomycotina, leotiomyceta, sordariomyceta, Sordariomycetes, Hypocreomycetidae	no rank, superkingdom, clade, kingdom, subkingdom, phylum, clade, subphylum, clade, clade, class, subclass	Host-associated	1	Multicellular	1	6060	192	3891	45	42.91168280232777	NA	285.17270380816194	4.755428557441303	n
645	Glomerellales	order	2	1	NA	NA	cellular organisms, Eukaryota, Opisthokonta, Fungi, Dikarya, Ascomycota, saccharomyceta, Pezizomycotina, leotiomyceta, sordariomyceta, Sordariomycetes, Hypocreomycetidae, Glomerellales	no rank, superkingdom, clade, kingdom, subkingdom, phylum, clade, subphylum, clade, clade, class, subclass, order	Host-associated	1	Multicellular	1	6319	294	3897	29	42.91168280232777	NA	285.365504630162	2.7306246338343665	n
646	Hypocreales	order	3	1	NA	NA	cellular organisms, Eukaryota, Opisthokonta, Fungi, Dikarya, Ascomycota, saccharomyceta, Pezizomycotina, leotiomyceta, sordariomyceta, Sordariomycetes, Hypocreomycetidae, Hypocreales	no rank, superkingdom, clade, kingdom, subkingdom, phylum, clade, subphylum, clade, clade, class, subclass, order	Host-associated	1	Multicellular	1	6210	198	3923	46	42.91168280232777	NA	285.0380354552241	5.101102068889672	n
647	Hypocreales	order	2	1	NA	NA	cellular organisms, Eukaryota, Opisthokonta, Fungi, Dikarya, Ascomycota, saccharomyceta, Pezizomycotina, leotiomyceta, sordariomyceta, Sordariomycetes, Hypocreomycetidae, Hypocreales	no rank, superkingdom, clade, kingdom, subkingdom, phylum, clade, subphylum, clade, clade, class, subclass, order	Host-associated	1	Multicellular	1	6189	123	3911	24	0	NA	285.4197914873927	3.5785409285378105	n
648	Opisthokonta	clade	99	1	Metazoa, Eumetazoa, Bilateria	0.98989898989899, 0.97979797979798, 0.95959595959596	cellular organisms, Eukaryota, Opisthokonta	no rank, superkingdom, clade	Aquatic	0.93	Unicellular	0.54	3580	1263	3209	722	46.12899126261356	20.72381158479433	325.1949789091045	74.06458547680536	y
649	Metazoa	kingdom	98	1	Eumetazoa, Bilateria	0.989795918367347, 0.969387755102041	cellular organisms, Eukaryota, Opisthokonta, Metazoa	no rank, superkingdom, clade, kingdom	Aquatic	0.99	Multicellular	0.98	4696	1156	3973	792	63.278003812213605	17.149012549600048	394.10771516946494	66.30439881708867	y
650	Metazoa	kingdom	3	1	NA	NA	cellular organisms, Eukaryota, Opisthokonta, Metazoa	no rank, superkingdom, clade, kingdom	Aquatic	0.99	Multicellular	0.99	5024	343	4116	153	67.08195082334667	3.8039470111330727	401.6727269772937	19.038343302702923	n
651	Eumetazoa	clade	2	1	NA	NA	cellular organisms, Eukaryota, Opisthokonta, Metazoa, Eumetazoa	no rank, superkingdom, clade, kingdom, clade	Aquatic	0.99	Multicellular	1	5622	636	4376	298	70.92295941899145	3.959073773220826	425.67135273958263	37.106639999764894	n
652	Bilateria	clade	95	1	NA	NA	cellular organisms, Eukaryota, Opisthokonta, Metazoa, Eumetazoa, Bilateria	no rank, superkingdom, clade, kingdom, clade, clade	Aquatic	0.99	Multicellular	1	5105	428	4207	244	64.91751063558873	1.6864348659897828	426.96399945753046	33.86714715783389	n
653	Protostomia	clade	37	1	Ecdysozoa	0.837837837837838	cellular organisms, Eukaryota, Opisthokonta, Metazoa, Eumetazoa, Bilateria, Protostomia	no rank, superkingdom, clade, kingdom, clade, clade, clade	Aquatic	0.98	Multicellular	1	4959	79	4138	43	59.59100663860248	0.33104120674635445	421.4376955793696	12.672661461956897	n
654	Protostomia	clade	36	1	Ecdysozoa	0.861111111111111	cellular organisms, Eukaryota, Opisthokonta, Metazoa, Eumetazoa, Bilateria, Protostomia	no rank, superkingdom, clade, kingdom, clade, clade, clade	Aquatic	0.98	Multicellular	1	5112	173	4273	143	59.238137552627634	NA	439.7253972598761	24.530724119217748	n
655	Lophotrochozoa	clade	5	1	NA	NA	cellular organisms, Eukaryota, Opisthokonta, Metazoa, Eumetazoa, Bilateria, Protostomia, Spiralia, Lophotrochozoa	no rank, superkingdom, clade, kingdom, clade, clade, clade, clade, clade	Aquatic	0.99	Multicellular	1	6355	1247	4772	501	64.964092848164	5.72595529553636	478.7321303694267	47.6204108957036	n
656	Mollusca	phylum	2	1	NA	NA	cellular organisms, Eukaryota, Opisthokonta, Metazoa, Eumetazoa, Bilateria, Protostomia, Spiralia, Lophotrochozoa, Mollusca	no rank, superkingdom, clade, kingdom, clade, clade, clade, clade, clade, phylum	Aquatic	0.99	Multicellular	1	7014	670	4895	131	69.89152568344055	4.927432835276548	490.4869604853808	23.133202708838763	n
657	Lophotrochozoa	clade	3	1	NA	NA	cellular organisms, Eukaryota, Opisthokonta, Metazoa, Eumetazoa, Bilateria, Protostomia, Spiralia, Lophotrochozoa	no rank, superkingdom, clade, kingdom, clade, clade, clade, clade, clade	Aquatic	0.98	Multicellular	1	6598	256	4865	102	64.86218359408804	NA	486.69250158741863	15.06945248514477	n
658	Annelida	phylum	2	1	NA	NA	cellular organisms, Eukaryota, Opisthokonta, Metazoa, Eumetazoa, Bilateria, Protostomia, Spiralia, Lophotrochozoa, Annelida	no rank, superkingdom, clade, kingdom, clade, clade, clade, clade, clade, phylum	Aquatic	0.98	Multicellular	1	6909	375	4844	34	63.00310479739042	NA	486.8255442399416	15.672208472979616	n
659	Ecdysozoa	clade	31	1	NA	NA	cellular organisms, Eukaryota, Opisthokonta, Metazoa, Eumetazoa, Bilateria, Protostomia, Ecdysozoa	no rank, superkingdom, clade, kingdom, clade, clade, clade, clade	Aquatic	0.7	Multicellular	1	4546	20	4039	16	47.79149025575078	NA	418.20970986440057	7.130570451104453	n
660	Nematoda	phylum	7	1	Chromadorea, Rhabditida	0.857142857142857, 0.857142857142857	cellular organisms, Eukaryota, Opisthokonta, Metazoa, Eumetazoa, Bilateria, Protostomia, Ecdysozoa, Nematoda	no rank, superkingdom, clade, kingdom, clade, clade, clade, clade, phylum	Host-associated	0.7	Multicellular	1	4285	246	3838	53	47.79149025575078	NA	390.6730928530464	27.91700600364568	n
661	Rhabditida	order	6	1	NA	NA	cellular organisms, Eukaryota, Opisthokonta, Metazoa, Eumetazoa, Bilateria, Protostomia, Ecdysozoa, Nematoda, Chromadorea, Rhabditida	no rank, superkingdom, clade, kingdom, clade, clade, clade, clade, phylum, class, order	Host-associated	0.78	Multicellular	1	4527	460	3695	50	0	NA	379.6574277723415	19.926485801775517	n
662	Spiruromorpha	infraorder	2	1	NA	NA	cellular organisms, Eukaryota, Opisthokonta, Metazoa, Eumetazoa, Bilateria, Protostomia, Ecdysozoa, Nematoda, Chromadorea, Rhabditida, Spirurina, Spiruromorpha	no rank, superkingdom, clade, kingdom, clade, clade, clade, clade, phylum, class, order, suborder, infraorder	Host-associated	1	Multicellular	1	5897	1444	3754	107	0	NA	378.63476727535436	17.633797109244092	n
663	Rhabditida	order	4	1	Rhabditina	0.75	cellular organisms, Eukaryota, Opisthokonta, Metazoa, Eumetazoa, Bilateria, Protostomia, Ecdysozoa, Nematoda, Chromadorea, Rhabditida	no rank, superkingdom, clade, kingdom, clade, clade, clade, clade, phylum, class, order	Host-associated	0.74	Multicellular	1	4830	448	3712	96	0	NA	371.4985926466864	23.316016754416268	n
664	Rhabditina	suborder	3	1	NA	NA	cellular organisms, Eukaryota, Opisthokonta, Metazoa, Eumetazoa, Bilateria, Protostomia, Ecdysozoa, Nematoda, Chromadorea, Rhabditida, Rhabditina	no rank, superkingdom, clade, kingdom, clade, clade, clade, clade, phylum, class, order, suborder	Terrestrial	0.8	Multicellular	1	5601	853	3816	139	0	NA	381.566576161429	25.389161915935674	y
665	Caenorhabditis	genus	2	1	NA	NA	cellular organisms, Eukaryota, Opisthokonta, Metazoa, Eumetazoa, Bilateria, Protostomia, Ecdysozoa, Nematoda, Chromadorea, Rhabditida, Rhabditina, Rhabditomorpha, Rhabditoidea, Rhabditidae, Peloderinae, Caenorhabditis	no rank, superkingdom, clade, kingdom, clade, clade, clade, clade, phylum, class, order, suborder, infraorder, superfamily, family, subfamily, genus	Terrestrial	1	Multicellular	1	9053	3533	3982	205	0	NA	394.2065478005761	40.685625454151946	n
666	Panarthropoda	clade	24	1	Arthropoda, Mandibulata, Pancrustacea, Hexapoda	0.958333333333333, 0.875, 0.875, 0.833333333333333	cellular organisms, Eukaryota, Opisthokonta, Metazoa, Eumetazoa, Bilateria, Protostomia, Ecdysozoa, Panarthropoda	no rank, superkingdom, clade, kingdom, clade, clade, clade, clade, clade	Aquatic	0.66	Multicellular	1	4659	176	4053	70	47.79149025575078	NA	421.8465393074429	17.5481756557744	n
667	Arthropoda	phylum	23	1	Mandibulata, Pancrustacea, Hexapoda	0.91304347826087, 0.91304347826087, 0.869565217391304	cellular organisms, Eukaryota, Opisthokonta, Metazoa, Eumetazoa, Bilateria, Protostomia, Ecdysozoa, Panarthropoda, Arthropoda	no rank, superkingdom, clade, kingdom, clade, clade, clade, clade, clade, phylum	Terrestrial	0.88	Multicellular	1	4985	380	4187	159	51.434292384317494	3.6428021285667187	431.41124610214564	26.606767481260526	y
668	Acari	subclass	2	1	NA	NA	cellular organisms, Eukaryota, Opisthokonta, Metazoa, Eumetazoa, Bilateria, Protostomia, Ecdysozoa, Panarthropoda, Arthropoda, Chelicerata, Arachnida, Acari	no rank, superkingdom, clade, kingdom, clade, clade, clade, clade, clade, phylum, subphylum, class, subclass	Terrestrial	0.91	Multicellular	0.99	5160	287	4171	72	53.596110149146966	2.161817764829471	432.38129923559893	14.229678508230686	n
669	Pancrustacea	clade	21	1	Hexapoda, Insecta, Dicondylia, Pterygota, Neoptera	0.952380952380952, 0.857142857142857, 0.857142857142857, 0.857142857142857, 0.857142857142857	cellular organisms, Eukaryota, Opisthokonta, Metazoa, Eumetazoa, Bilateria, Protostomia, Ecdysozoa, Panarthropoda, Arthropoda, Mandibulata, Pancrustacea	no rank, superkingdom, clade, kingdom, clade, clade, clade, clade, clade, phylum, clade, clade	Terrestrial	0.91	Multicellular	1	5344	389	4338	167	54.52252348544658	3.0882311011290784	434.8239484904375	20.833188654868277	n
670	Pancrustacea	clade	3	1	NA	NA	cellular organisms, Eukaryota, Opisthokonta, Metazoa, Eumetazoa, Bilateria, Protostomia, Ecdysozoa, Panarthropoda, Arthropoda, Mandibulata, Pancrustacea	no rank, superkingdom, clade, kingdom, clade, clade, clade, clade, clade, phylum, clade, clade	Terrestrial	0.91	Multicellular	0.99	5455	208	4345	84	53.84329649258236	NA	429.8520493674465	10.104989147117012	n
671	Entomobryomorpha	order	2	1	NA	NA	cellular organisms, Eukaryota, Opisthokonta, Metazoa, Eumetazoa, Bilateria, Protostomia, Ecdysozoa, Panarthropoda, Arthropoda, Mandibulata, Pancrustacea, Hexapoda, Collembola, Entomobryomorpha	no rank, superkingdom, clade, kingdom, clade, clade, clade, clade, clade, phylum, clade, clade, subphylum, class, order	Terrestrial	1	Multicellular	1	6690	1502	4351	173	49.394641818571046	NA	420.2468537234702	17.975994728236714	n
672	Neoptera	infraclass	18	1	NA	NA	cellular organisms, Eukaryota, Opisthokonta, Metazoa, Eumetazoa, Bilateria, Protostomia, Ecdysozoa, Panarthropoda, Arthropoda, Mandibulata, Pancrustacea, Hexapoda, Insecta, Dicondylia, Pterygota, Neoptera	no rank, superkingdom, clade, kingdom, clade, clade, clade, clade, clade, phylum, clade, clade, subphylum, class, clade, subclass, infraclass	Terrestrial	0.95	Multicellular	1	5763	492	4480	186	63.23092156587332	9.354562255045794	437.69192209732364	23.564189562916006	n
673	Neoptera	infraclass	17	1	NA	NA	cellular organisms, Eukaryota, Opisthokonta, Metazoa, Eumetazoa, Bilateria, Protostomia, Ecdysozoa, Panarthropoda, Arthropoda, Mandibulata, Pancrustacea, Hexapoda, Insecta, Dicondylia, Pterygota, Neoptera	no rank, superkingdom, clade, kingdom, clade, clade, clade, clade, clade, phylum, clade, clade, subphylum, class, clade, subclass, infraclass	Terrestrial	1	Multicellular	1	5885	156	4534	73	63.37655777987721	0.38204208850800814	438.27997276880456	6.0819879376562564	n
674	Neoptera	infraclass	4	1	Paraneoptera, Hemiptera	0.75, 0.75	cellular organisms, Eukaryota, Opisthokonta, Metazoa, Eumetazoa, Bilateria, Protostomia, Ecdysozoa, Panarthropoda, Arthropoda, Mandibulata, Pancrustacea, Hexapoda, Insecta, Dicondylia, Pterygota, Neoptera	no rank, superkingdom, clade, kingdom, clade, clade, clade, clade, clade, phylum, clade, clade, subphylum, class, clade, subclass, infraclass	Terrestrial	1	Multicellular	0.99	6028	192	4528	41	61.9148987634605	NA	434.4130656715278	6.2867292254688945	n
675	Hemiptera	order	3	1	NA	NA	cellular organisms, Eukaryota, Opisthokonta, Metazoa, Eumetazoa, Bilateria, Protostomia, Ecdysozoa, Panarthropoda, Arthropoda, Mandibulata, Pancrustacea, Hexapoda, Insecta, Dicondylia, Pterygota, Neoptera, Paraneoptera, Hemiptera	no rank, superkingdom, clade, kingdom, clade, clade, clade, clade, clade, phylum, clade, clade, subphylum, class, clade, subclass, infraclass, cohort, order	Terrestrial	0.99	Multicellular	1	5906	110	4404	32	58.18291112237528	NA	419.1968037589238	6.670780005815915	n
676	Sternorrhyncha	suborder	2	1	NA	NA	cellular organisms, Eukaryota, Opisthokonta, Metazoa, Eumetazoa, Bilateria, Protostomia, Ecdysozoa, Panarthropoda, Arthropoda, Mandibulata, Pancrustacea, Hexapoda, Insecta, Dicondylia, Pterygota, Neoptera, Paraneoptera, Hemiptera, Sternorrhyncha	no rank, superkingdom, clade, kingdom, clade, clade, clade, clade, clade, phylum, clade, clade, subphylum, class, clade, subclass, infraclass, cohort, order, suborder	Terrestrial	0.96	Multicellular	1	6094	343	4390	92	60.55583686012341	2.372925737748127	415.7622165268388	8.866366836110908	n
677	Endopterygota	cohort	13	1	NA	NA	cellular organisms, Eukaryota, Opisthokonta, Metazoa, Eumetazoa, Bilateria, Protostomia, Ecdysozoa, Panarthropoda, Arthropoda, Mandibulata, Pancrustacea, Hexapoda, Insecta, Dicondylia, Pterygota, Neoptera, Endopterygota	no rank, superkingdom, clade, kingdom, clade, clade, clade, clade, clade, phylum, clade, clade, subphylum, class, clade, subclass, infraclass, cohort	Terrestrial	1	Multicellular	1	5956	134	4540	55	62.66978951857958	NA	438.718919984492	10.734405567943176	n
678	Apocrita	suborder	3	1	NA	NA	cellular organisms, Eukaryota, Opisthokonta, Metazoa, Eumetazoa, Bilateria, Protostomia, Ecdysozoa, Panarthropoda, Arthropoda, Mandibulata, Pancrustacea, Hexapoda, Insecta, Dicondylia, Pterygota, Neoptera, Endopterygota, Hymenoptera, Apocrita	no rank, superkingdom, clade, kingdom, clade, clade, clade, clade, clade, phylum, clade, clade, subphylum, class, clade, subclass, infraclass, cohort, order, suborder	Terrestrial	1	Multicellular	1	6180	365	4585	91	64.6985179386461	2.028728420066521	436.86850677817563	7.951355208694917	n
679	Aculeata	infraorder	2	1	NA	NA	cellular organisms, Eukaryota, Opisthokonta, Metazoa, Eumetazoa, Bilateria, Protostomia, Ecdysozoa, Panarthropoda, Arthropoda, Mandibulata, Pancrustacea, Hexapoda, Insecta, Dicondylia, Pterygota, Neoptera, Endopterygota, Hymenoptera, Apocrita, Aculeata	no rank, superkingdom, clade, kingdom, clade, clade, clade, clade, clade, phylum, clade, clade, subphylum, class, clade, subclass, infraclass, cohort, order, suborder, infraorder	Terrestrial	1	Multicellular	1	6371	233	4635	64	64.86264080571225	0.41525053330495276	437.25386937214887	4.132640028805848	n
680	Endopterygota	cohort	10	1	NA	NA	cellular organisms, Eukaryota, Opisthokonta, Metazoa, Eumetazoa, Bilateria, Protostomia, Ecdysozoa, Panarthropoda, Arthropoda, Mandibulata, Pancrustacea, Hexapoda, Insecta, Dicondylia, Pterygota, Neoptera, Endopterygota	no rank, superkingdom, clade, kingdom, clade, clade, clade, clade, clade, phylum, clade, clade, subphylum, class, clade, subclass, infraclass, cohort	Terrestrial	1	Multicellular	1	5896	64	4499	19	59.840869332903544	NA	433.9987554527362	4.237873513684983	n
681	Cucujiformia	infraorder	2	1	NA	NA	cellular organisms, Eukaryota, Opisthokonta, Metazoa, Eumetazoa, Bilateria, Protostomia, Ecdysozoa, Panarthropoda, Arthropoda, Mandibulata, Pancrustacea, Hexapoda, Insecta, Dicondylia, Pterygota, Neoptera, Endopterygota, Coleoptera, Polyphaga, Cucujiformia	no rank, superkingdom, clade, kingdom, clade, clade, clade, clade, clade, phylum, clade, clade, subphylum, class, clade, subclass, infraclass, cohort, order, suborder, infraorder	Terrestrial	1	Multicellular	1	6306	479	4542	82	62.44034865458487	2.599479321681319	434.1794988639709	13.472716104827592	n
682	Endopterygota	cohort	8	1	Diptera	0.875	cellular organisms, Eukaryota, Opisthokonta, Metazoa, Eumetazoa, Bilateria, Protostomia, Ecdysozoa, Panarthropoda, Arthropoda, Mandibulata, Pancrustacea, Hexapoda, Insecta, Dicondylia, Pterygota, Neoptera, Endopterygota	no rank, superkingdom, clade, kingdom, clade, clade, clade, clade, clade, phylum, clade, clade, subphylum, class, clade, subclass, infraclass, cohort	Terrestrial	1	Multicellular	1	5823	88	4417	17	0	NA	428.47998962059813	8.120747864590133	n
683	Diptera	order	7	1	NA	NA	cellular organisms, Eukaryota, Opisthokonta, Metazoa, Eumetazoa, Bilateria, Protostomia, Ecdysozoa, Panarthropoda, Arthropoda, Mandibulata, Pancrustacea, Hexapoda, Insecta, Dicondylia, Pterygota, Neoptera, Endopterygota, Diptera	no rank, superkingdom, clade, kingdom, clade, clade, clade, clade, clade, phylum, clade, clade, subphylum, class, clade, subclass, infraclass, cohort, order	Terrestrial	1	Multicellular	1	5651	98	4328	16	0	NA	422.79763686078934	8.33735230933924	n
684	Anopheles	genus	2	1	NA	NA	cellular organisms, Eukaryota, Opisthokonta, Metazoa, Eumetazoa, Bilateria, Protostomia, Ecdysozoa, Panarthropoda, Arthropoda, Mandibulata, Pancrustacea, Hexapoda, Insecta, Dicondylia, Pterygota, Neoptera, Endopterygota, Diptera, Nematocera, Culicomorpha, Culicoidea, Culicidae, Anophelinae, Anopheles	no rank, superkingdom, clade, kingdom, clade, clade, clade, clade, clade, phylum, clade, clade, subphylum, class, clade, subclass, infraclass, cohort, order, suborder, infraorder, superfamily, family, subfamily, genus	Terrestrial	1	Multicellular	1	6458	848	4463	151	0	NA	423.797379940345	10.3963941538193	n
685	Cyclorrhapha	clade	5	1	Schizophora	0.8	cellular organisms, Eukaryota, Opisthokonta, Metazoa, Eumetazoa, Bilateria, Protostomia, Ecdysozoa, Panarthropoda, Arthropoda, Mandibulata, Pancrustacea, Hexapoda, Insecta, Dicondylia, Pterygota, Neoptera, Endopterygota, Diptera, Brachycera, Muscomorpha, Eremoneura, Cyclorrhapha	no rank, superkingdom, clade, kingdom, clade, clade, clade, clade, clade, phylum, clade, clade, subphylum, class, clade, subclass, infraclass, cohort, order, suborder, infraorder, clade, clade	Terrestrial	1	Multicellular	1	5535	152	4199	25	0	NA	402.7416318037677	9.198667856735744	n
686	Schizophora	no rank	4	1	Acalyptratae, Ephydroidea, Drosophilidae, Drosophilinae, Drosophilini, Drosophila, Sophophora	0.75, 0.75, 0.75, 0.75, 0.75, 0.75, 0.75	cellular organisms, Eukaryota, Opisthokonta, Metazoa, Eumetazoa, Bilateria, Protostomia, Ecdysozoa, Panarthropoda, Arthropoda, Mandibulata, Pancrustacea, Hexapoda, Insecta, Dicondylia, Pterygota, Neoptera, Endopterygota, Diptera, Brachycera, Muscomorpha, Eremoneura, Cyclorrhapha, Schizophora	no rank, superkingdom, clade, kingdom, clade, clade, clade, clade, clade, phylum, clade, clade, subphylum, class, clade, subclass, infraclass, cohort, order, suborder, infraorder, clade, clade, no rank	Terrestrial	1	Multicellular	1	6474	996	4368	190	4.194845441942683	4.194845441942683	403.7151750557904	16.263328423663282	n
687	Sophophora	subgenus	3	1	NA	NA	cellular organisms, Eukaryota, Opisthokonta, Metazoa, Eumetazoa, Bilateria, Protostomia, Ecdysozoa, Panarthropoda, Arthropoda, Mandibulata, Pancrustacea, Hexapoda, Insecta, Dicondylia, Pterygota, Neoptera, Endopterygota, Diptera, Brachycera, Muscomorpha, Eremoneura, Cyclorrhapha, Schizophora, Acalyptratae, Ephydroidea, Drosophilidae, Drosophilinae, Drosophilini, Drosophila, Sophophora	no rank, superkingdom, clade, kingdom, clade, clade, clade, clade, clade, phylum, clade, clade, subphylum, class, clade, subclass, infraclass, cohort, order, suborder, infraorder, clade, clade, no rank, no rank, superfamily, family, subfamily, tribe, genus, subgenus	Terrestrial	1	Multicellular	1	7562	1123	4549	192	5.120164330259961	0.9253188883172774	407.24228020936357	16.880198927378448	n
688	Sophophora	subgenus	2	1	NA	NA	cellular organisms, Eukaryota, Opisthokonta, Metazoa, Eumetazoa, Bilateria, Protostomia, Ecdysozoa, Panarthropoda, Arthropoda, Mandibulata, Pancrustacea, Hexapoda, Insecta, Dicondylia, Pterygota, Neoptera, Endopterygota, Diptera, Brachycera, Muscomorpha, Eremoneura, Cyclorrhapha, Schizophora, Acalyptratae, Ephydroidea, Drosophilidae, Drosophilinae, Drosophilini, Drosophila, Sophophora	no rank, superkingdom, clade, kingdom, clade, clade, clade, clade, clade, phylum, clade, clade, subphylum, class, clade, subclass, infraclass, cohort, order, suborder, infraorder, clade, clade, no rank, no rank, superfamily, family, subfamily, tribe, genus, subgenus	Terrestrial	1	Multicellular	1	7902	360	4580	39	5.251322320595463	0.13115799033550202	407.6732608848534	3.5373073713084655	n
689	Deuterostomia	clade	58	1	Chordata, Craniata, Vertebrata, Gnathostomata, Teleostomi, Euteleostomi	0.982758620689655, 0.948275862068966, 0.948275862068966, 0.931034482758621, 0.931034482758621, 0.931034482758621	cellular organisms, Eukaryota, Opisthokonta, Metazoa, Eumetazoa, Bilateria, Deuterostomia	no rank, superkingdom, clade, kingdom, clade, clade, clade	Aquatic	1	Multicellular	1	6064	966	4708	508	64.68527596944675	NA	494.8484447572482	71.0631341389896	y
690	Chordata	phylum	57	1	Craniata, Vertebrata, Gnathostomata, Teleostomi, Euteleostomi	0.964912280701754, 0.964912280701754, 0.947368421052632, 0.947368421052632, 0.947368421052632	cellular organisms, Eukaryota, Opisthokonta, Metazoa, Eumetazoa, Bilateria, Deuterostomia, Chordata	no rank, superkingdom, clade, kingdom, clade, clade, clade, phylum	Aquatic	1	Multicellular	1	6093	132	4694	57	62.73122274866789	NA	497.9911945641653	18.91171920557917	n
691	Chordata	phylum	56	1	Craniata, Vertebrata, Gnathostomata, Teleostomi, Euteleostomi	0.982142857142857, 0.982142857142857, 0.964285714285714, 0.964285714285714, 0.964285714285714	cellular organisms, Eukaryota, Opisthokonta, Metazoa, Eumetazoa, Bilateria, Deuterostomia, Chordata	no rank, superkingdom, clade, kingdom, clade, clade, clade, phylum	Aquatic	1	Multicellular	1	5788	93	4427	37	0	NA	488.33748820170786	22.93377331166261	n
692	Vertebrata	clade	55	1	Gnathostomata, Teleostomi, Euteleostomi	0.981818181818182, 0.981818181818182, 0.981818181818182	cellular organisms, Eukaryota, Opisthokonta, Metazoa, Eumetazoa, Bilateria, Deuterostomia, Chordata, Craniata, Vertebrata	no rank, superkingdom, clade, kingdom, clade, clade, clade, phylum, subphylum, clade	Aquatic	1	Multicellular	1	6108	489	4737	335	0	NA	511.036538866549	38.53416557949678	n
693	Euteleostomi	clade	54	1	NA	NA	cellular organisms, Eukaryota, Opisthokonta, Metazoa, Eumetazoa, Bilateria, Deuterostomia, Chordata, Craniata, Vertebrata, Gnathostomata, Teleostomi, Euteleostomi	no rank, superkingdom, clade, kingdom, clade, clade, clade, phylum, subphylum, clade, clade, clade, clade	Aquatic	1	Multicellular	1	7610	1517	5740	1005	56.986924693864424	56.986924693864424	561.8713586530761	59.440482104021434	y
694	Neopterygii	subclass	14	1	Teleostei, Osteoglossocephalai, Clupeocephala	0.928571428571429, 0.928571428571429, 0.928571428571429	cellular organisms, Eukaryota, Opisthokonta, Metazoa, Eumetazoa, Bilateria, Deuterostomia, Chordata, Craniata, Vertebrata, Gnathostomata, Teleostomi, Euteleostomi, Actinopterygii, Actinopteri, Neopterygii	no rank, superkingdom, clade, kingdom, clade, clade, clade, phylum, subphylum, clade, clade, clade, clade, superclass, class, subclass	Aquatic	1	Multicellular	1	8108	502	5919	181	56.986924693864424	NA	569.8861247438406	21.88341337308272	n
695	Clupeocephala	no rank	13	1	Euteleosteomorpha	0.846153846153846	cellular organisms, Eukaryota, Opisthokonta, Metazoa, Eumetazoa, Bilateria, Deuterostomia, Chordata, Craniata, Vertebrata, Gnathostomata, Teleostomi, Euteleostomi, Actinopterygii, Actinopteri, Neopterygii, Teleostei, Osteoglossocephalai, Clupeocephala	no rank, superkingdom, clade, kingdom, clade, clade, clade, phylum, subphylum, clade, clade, clade, clade, superclass, class, subclass, infraclass, clade, no rank	Aquatic	1	Multicellular	1	8382	317	6018	111	56.986924693864424	NA	572.5458118526759	19.165719364567263	n
696	Otophysi	clade	2	1	NA	NA	cellular organisms, Eukaryota, Opisthokonta, Metazoa, Eumetazoa, Bilateria, Deuterostomia, Chordata, Craniata, Vertebrata, Gnathostomata, Teleostomi, Euteleostomi, Actinopterygii, Actinopteri, Neopterygii, Teleostei, Osteoglossocephalai, Clupeocephala, Otomorpha, Ostariophysi, Otophysi	no rank, superkingdom, clade, kingdom, clade, clade, clade, phylum, subphylum, clade, clade, clade, clade, superclass, class, subclass, infraclass, clade, no rank, cohort, subcohort, clade	Aquatic	1	Multicellular	1	8681	313	6052	54	56.986924693864424	NA	577.7827484845936	15.213464377679292	n
697	Euteleosteomorpha	cohort	11	1	Neoteleostei, Eurypterygia, Ctenosquamata, Acanthomorphata, Euacanthomorphacea, Percomorphaceae	0.909090909090909, 0.909090909090909, 0.909090909090909, 0.909090909090909, 0.909090909090909, 0.909090909090909	cellular organisms, Eukaryota, Opisthokonta, Metazoa, Eumetazoa, Bilateria, Deuterostomia, Chordata, Craniata, Vertebrata, Gnathostomata, Teleostomi, Euteleostomi, Actinopterygii, Actinopteri, Neopterygii, Teleostei, Osteoglossocephalai, Clupeocephala, Euteleosteomorpha	no rank, superkingdom, clade, kingdom, clade, clade, clade, phylum, subphylum, clade, clade, clade, clade, superclass, class, subclass, infraclass, clade, no rank, cohort	Aquatic	1	Multicellular	1	8469	124	6018	28	56.986924693864424	NA	570.1433976970546	2.0193790621204784	n
698	Percomorphaceae	clade	10	1	NA	NA	cellular organisms, Eukaryota, Opisthokonta, Metazoa, Eumetazoa, Bilateria, Deuterostomia, Chordata, Craniata, Vertebrata, Gnathostomata, Teleostomi, Euteleostomi, Actinopterygii, Actinopteri, Neopterygii, Teleostei, Osteoglossocephalai, Clupeocephala, Euteleosteomorpha, Neoteleostei, Eurypterygia, Ctenosquamata, Acanthomorphata, Euacanthomorphacea, Percomorphaceae	no rank, superkingdom, clade, kingdom, clade, clade, clade, phylum, subphylum, clade, clade, clade, clade, superclass, class, subclass, infraclass, clade, no rank, cohort, clade, clade, clade, clade, clade, clade	Aquatic	1	Multicellular	1	8336	66	5942	13	0	NA	560.2352792824591	3.3235879084341247	n
699	Percomorphaceae	clade	9	1	NA	NA	cellular organisms, Eukaryota, Opisthokonta, Metazoa, Eumetazoa, Bilateria, Deuterostomia, Chordata, Craniata, Vertebrata, Gnathostomata, Teleostomi, Euteleostomi, Actinopterygii, Actinopteri, Neopterygii, Teleostei, Osteoglossocephalai, Clupeocephala, Euteleosteomorpha, Neoteleostei, Eurypterygia, Ctenosquamata, Acanthomorphata, Euacanthomorphacea, Percomorphaceae	no rank, superkingdom, clade, kingdom, clade, clade, clade, phylum, subphylum, clade, clade, clade, clade, superclass, class, subclass, infraclass, clade, no rank, cohort, clade, clade, clade, clade, clade, clade	Aquatic	1	Multicellular	1	8339	57	5916	19	0	NA	559.0012495503838	0.965852488576998	n
700	Percomorphaceae	clade	8	1	NA	NA	cellular organisms, Eukaryota, Opisthokonta, Metazoa, Eumetazoa, Bilateria, Deuterostomia, Chordata, Craniata, Vertebrata, Gnathostomata, Teleostomi, Euteleostomi, Actinopterygii, Actinopteri, Neopterygii, Teleostei, Osteoglossocephalai, Clupeocephala, Euteleosteomorpha, Neoteleostei, Eurypterygia, Ctenosquamata, Acanthomorphata, Euacanthomorphacea, Percomorphaceae	no rank, superkingdom, clade, kingdom, clade, clade, clade, phylum, subphylum, clade, clade, clade, clade, superclass, class, subclass, infraclass, clade, no rank, cohort, clade, clade, clade, clade, clade, clade	Aquatic	1	Multicellular	1	8409	102	5918	22	0	NA	558.2903639607104	1.595072417176783	n
701	Percomorphaceae	clade	3	1	NA	NA	cellular organisms, Eukaryota, Opisthokonta, Metazoa, Eumetazoa, Bilateria, Deuterostomia, Chordata, Craniata, Vertebrata, Gnathostomata, Teleostomi, Euteleostomi, Actinopterygii, Actinopteri, Neopterygii, Teleostei, Osteoglossocephalai, Clupeocephala, Euteleosteomorpha, Neoteleostei, Eurypterygia, Ctenosquamata, Acanthomorphata, Euacanthomorphacea, Percomorphaceae	no rank, superkingdom, clade, kingdom, clade, clade, clade, phylum, subphylum, clade, clade, clade, clade, superclass, class, subclass, infraclass, clade, no rank, cohort, clade, clade, clade, clade, clade, clade	Aquatic	1	Multicellular	1	8398	31	5819	7	0	NA	557.1809863825106	0.15158123471191873	n
702	Percomorphaceae	clade	2	1	NA	NA	cellular organisms, Eukaryota, Opisthokonta, Metazoa, Eumetazoa, Bilateria, Deuterostomia, Chordata, Craniata, Vertebrata, Gnathostomata, Teleostomi, Euteleostomi, Actinopterygii, Actinopteri, Neopterygii, Teleostei, Osteoglossocephalai, Clupeocephala, Euteleosteomorpha, Neoteleostei, Eurypterygia, Ctenosquamata, Acanthomorphata, Euacanthomorphacea, Percomorphaceae	no rank, superkingdom, clade, kingdom, clade, clade, clade, phylum, subphylum, clade, clade, clade, clade, superclass, class, subclass, infraclass, clade, no rank, cohort, clade, clade, clade, clade, clade, clade	Aquatic	1	Multicellular	1	8305	130	5805	28	0	NA	549.5783329231523	2.0076746459350634	n
703	Ovalentaria	clade	5	1	NA	NA	cellular organisms, Eukaryota, Opisthokonta, Metazoa, Eumetazoa, Bilateria, Deuterostomia, Chordata, Craniata, Vertebrata, Gnathostomata, Teleostomi, Euteleostomi, Actinopterygii, Actinopteri, Neopterygii, Teleostei, Osteoglossocephalai, Clupeocephala, Euteleosteomorpha, Neoteleostei, Eurypterygia, Ctenosquamata, Acanthomorphata, Euacanthomorphacea, Percomorphaceae, Ovalentaria	no rank, superkingdom, clade, kingdom, clade, clade, clade, phylum, subphylum, clade, clade, clade, clade, superclass, class, subclass, infraclass, clade, no rank, cohort, clade, clade, clade, clade, clade, clade, clade	Aquatic	1	Multicellular	1	8459	70	5942	35	0	NA	557.3833810008967	0.48912449027222704	n
704	Ovalentaria	clade	2	1	NA	NA	cellular organisms, Eukaryota, Opisthokonta, Metazoa, Eumetazoa, Bilateria, Deuterostomia, Chordata, Craniata, Vertebrata, Gnathostomata, Teleostomi, Euteleostomi, Actinopterygii, Actinopteri, Neopterygii, Teleostei, Osteoglossocephalai, Clupeocephala, Euteleosteomorpha, Neoteleostei, Eurypterygia, Ctenosquamata, Acanthomorphata, Euacanthomorphacea, Percomorphaceae, Ovalentaria	no rank, superkingdom, clade, kingdom, clade, clade, clade, phylum, subphylum, clade, clade, clade, clade, superclass, class, subclass, infraclass, clade, no rank, cohort, clade, clade, clade, clade, clade, clade, clade	Aquatic	1	Multicellular	1	8582	148	5959	28	0	NA	561.4128048184367	7.3598901342962275	n
705	Atherinomorphae	superorder	3	1	NA	NA	cellular organisms, Eukaryota, Opisthokonta, Metazoa, Eumetazoa, Bilateria, Deuterostomia, Chordata, Craniata, Vertebrata, Gnathostomata, Teleostomi, Euteleostomi, Actinopterygii, Actinopteri, Neopterygii, Teleostei, Osteoglossocephalai, Clupeocephala, Euteleosteomorpha, Neoteleostei, Eurypterygia, Ctenosquamata, Acanthomorphata, Euacanthomorphacea, Percomorphaceae, Ovalentaria, Atherinomorphae	no rank, superkingdom, clade, kingdom, clade, clade, clade, phylum, subphylum, clade, clade, clade, clade, superclass, class, subclass, infraclass, clade, no rank, cohort, clade, clade, clade, clade, clade, clade, clade, superorder	Aquatic	1	Multicellular	1	8467	61	5945	16	10.786587542925357	10.786587542925357	554.4061789338435	2.10767203512803	n
706	Cyprinodontoidei	suborder	2	1	NA	NA	cellular organisms, Eukaryota, Opisthokonta, Metazoa, Eumetazoa, Bilateria, Deuterostomia, Chordata, Craniata, Vertebrata, Gnathostomata, Teleostomi, Euteleostomi, Actinopterygii, Actinopteri, Neopterygii, Teleostei, Osteoglossocephalai, Clupeocephala, Euteleosteomorpha, Neoteleostei, Eurypterygia, Ctenosquamata, Acanthomorphata, Euacanthomorphacea, Percomorphaceae, Ovalentaria, Atherinomorphae, Cyprinodontiformes, Cyprinodontoidei	no rank, superkingdom, clade, kingdom, clade, clade, clade, phylum, subphylum, clade, clade, clade, clade, superclass, class, subclass, infraclass, clade, no rank, cohort, clade, clade, clade, clade, clade, clade, clade, superorder, order, suborder	Aquatic	1	Multicellular	1	8532	103	5947	19	11.383685024709985	0.5970974817846267	553.7682342458014	1.6301851143271715	n
707	Sarcopterygii	superclass	40	1	Dipnotetrapodomorpha, Tetrapoda, Amniota	0.975, 0.975, 0.925	cellular organisms, Eukaryota, Opisthokonta, Metazoa, Eumetazoa, Bilateria, Deuterostomia, Chordata, Craniata, Vertebrata, Gnathostomata, Teleostomi, Euteleostomi, Sarcopterygii	no rank, superkingdom, clade, kingdom, clade, clade, clade, phylum, subphylum, clade, clade, clade, clade, superclass	Aquatic	0.98	Multicellular	1	7832	236	5871	143	60.41510169184103	3.428176997976606	566.3269949568135	13.688317686662888	n
708	Tetrapoda	clade	39	1	Amniota	0.948717948717949	cellular organisms, Eukaryota, Opisthokonta, Metazoa, Eumetazoa, Bilateria, Deuterostomia, Chordata, Craniata, Vertebrata, Gnathostomata, Teleostomi, Euteleostomi, Sarcopterygii, Dipnotetrapodomorpha, Tetrapoda	no rank, superkingdom, clade, kingdom, clade, clade, clade, phylum, subphylum, clade, clade, clade, clade, superclass, clade, clade	Aquatic	0.58	Multicellular	1	8065	266	5993	132	63.68489629782329	3.2697946059822582	573.5224820318032	14.85816902439424	n
709	Xenopodinae	subfamily	2	1	NA	NA	cellular organisms, Eukaryota, Opisthokonta, Metazoa, Eumetazoa, Bilateria, Deuterostomia, Chordata, Craniata, Vertebrata, Gnathostomata, Teleostomi, Euteleostomi, Sarcopterygii, Dipnotetrapodomorpha, Tetrapoda, Amphibia, Batrachia, Anura, Pipoidea, Pipidae, Xenopodinae	no rank, superkingdom, clade, kingdom, clade, clade, clade, phylum, subphylum, clade, clade, clade, clade, superclass, clade, clade, class, superorder, order, superfamily, family, subfamily	Amphibian	1	Multicellular	1	8488	515	6038	97	64.26401974190944	0.9463513751537036	568.2597672584554	14.7387061043762	n
710	Amniota	clade	37	1	Mammalia	0.810810810810811	cellular organisms, Eukaryota, Opisthokonta, Metazoa, Eumetazoa, Bilateria, Deuterostomia, Chordata, Craniata, Vertebrata, Gnathostomata, Teleostomi, Euteleostomi, Sarcopterygii, Dipnotetrapodomorpha, Tetrapoda, Amniota	no rank, superkingdom, clade, kingdom, clade, clade, clade, phylum, subphylum, clade, clade, clade, clade, superclass, clade, clade, clade	Terrestrial	0.91	Multicellular	1	8114	136	6069	97	64.83414953227673	1.2089440029537137	575.1959442564388	9.675049179132149	y
711	Sauria	clade	7	1	Archelosauria	0.857142857142857	cellular organisms, Eukaryota, Opisthokonta, Metazoa, Eumetazoa, Bilateria, Deuterostomia, Chordata, Craniata, Vertebrata, Gnathostomata, Teleostomi, Euteleostomi, Sarcopterygii, Dipnotetrapodomorpha, Tetrapoda, Amniota, Sauropsida, Sauria	no rank, superkingdom, clade, kingdom, clade, clade, clade, phylum, subphylum, clade, clade, clade, clade, superclass, clade, clade, clade, clade, clade	Terrestrial	0.92	Multicellular	1	7984	45	5982	16	64.22290000144969	0.07171785237822972	561.4531771235027	7.212035525332694	n
712	Archelosauria	clade	6	1	Archosauria, Dinosauria, Saurischia, Theropoda, Coelurosauria, Aves, Neognathae	0.833333333333333, 0.833333333333333, 0.833333333333333, 0.833333333333333, 0.833333333333333, 0.833333333333333, 0.833333333333333	cellular organisms, Eukaryota, Opisthokonta, Metazoa, Eumetazoa, Bilateria, Deuterostomia, Chordata, Craniata, Vertebrata, Gnathostomata, Teleostomi, Euteleostomi, Sarcopterygii, Dipnotetrapodomorpha, Tetrapoda, Amniota, Sauropsida, Sauria, Archelosauria	no rank, superkingdom, clade, kingdom, clade, clade, clade, phylum, subphylum, clade, clade, clade, clade, superclass, clade, clade, clade, clade, clade, clade	Terrestrial	0.91	Multicellular	1	7818	76	5852	42	62.75900646437605	0.16519948519948519	539.6845272302456	3.1548456202981625	n
713	Neognathae	infraclass	5	1	NA	NA	cellular organisms, Eukaryota, Opisthokonta, Metazoa, Eumetazoa, Bilateria, Deuterostomia, Chordata, Craniata, Vertebrata, Gnathostomata, Teleostomi, Euteleostomi, Sarcopterygii, Dipnotetrapodomorpha, Tetrapoda, Amniota, Sauropsida, Sauria, Archelosauria, Archosauria, Dinosauria, Saurischia, Theropoda, Coelurosauria, Aves, Neognathae	no rank, superkingdom, clade, kingdom, clade, clade, clade, phylum, subphylum, clade, clade, clade, clade, superclass, clade, clade, clade, clade, clade, clade, clade, clade, clade, clade, clade, class, infraclass	Terrestrial	0.97	Multicellular	1	7568	101	5703	36	60.06051868224958	NA	521.4730442321867	5.227881825736783	n
714	Passeriformes	order	2	1	NA	NA	cellular organisms, Eukaryota, Opisthokonta, Metazoa, Eumetazoa, Bilateria, Deuterostomia, Chordata, Craniata, Vertebrata, Gnathostomata, Teleostomi, Euteleostomi, Sarcopterygii, Dipnotetrapodomorpha, Tetrapoda, Amniota, Sauropsida, Sauria, Archelosauria, Archosauria, Dinosauria, Saurischia, Theropoda, Coelurosauria, Aves, Neognathae, Neoaves, Telluraves, Australaves, Passeriformes	no rank, superkingdom, clade, kingdom, clade, clade, clade, phylum, subphylum, clade, clade, clade, clade, superclass, clade, clade, clade, clade, clade, clade, clade, clade, clade, clade, clade, class, infraclass, clade, clade, clade, order	Terrestrial	1	Multicellular	1	7659	148	5772	89	60.99669178590618	0.9361731036566016	516.6903453203687	3.6151959822785233	n
715	Galloanserae	superorder	3	1	NA	NA	cellular organisms, Eukaryota, Opisthokonta, Metazoa, Eumetazoa, Bilateria, Deuterostomia, Chordata, Craniata, Vertebrata, Gnathostomata, Teleostomi, Euteleostomi, Sarcopterygii, Dipnotetrapodomorpha, Tetrapoda, Amniota, Sauropsida, Sauria, Archelosauria, Archosauria, Dinosauria, Saurischia, Theropoda, Coelurosauria, Aves, Neognathae, Galloanserae	no rank, superkingdom, clade, kingdom, clade, clade, clade, phylum, subphylum, clade, clade, clade, clade, superclass, clade, clade, clade, clade, clade, clade, clade, clade, clade, clade, clade, class, infraclass, superorder	Terrestrial	0.96	Multicellular	1	7442	20	5596	12	57.96710435707664	NA	503.61000594854323	2.8488167574041814	n
716	Phasianidae	family	2	1	NA	NA	cellular organisms, Eukaryota, Opisthokonta, Metazoa, Eumetazoa, Bilateria, Deuterostomia, Chordata, Craniata, Vertebrata, Gnathostomata, Teleostomi, Euteleostomi, Sarcopterygii, Dipnotetrapodomorpha, Tetrapoda, Amniota, Sauropsida, Sauria, Archelosauria, Archosauria, Dinosauria, Saurischia, Theropoda, Coelurosauria, Aves, Neognathae, Galloanserae, Galliformes, Phasianidae	no rank, superkingdom, clade, kingdom, clade, clade, clade, phylum, subphylum, clade, clade, clade, clade, superclass, clade, clade, clade, clade, clade, clade, clade, clade, clade, clade, clade, class, infraclass, superorder, order, family	Terrestrial	1	Multicellular	1	7486	105	5609	43	59.13082142715368	1.1637170700770356	502.09791920388994	7.683476422177727	n
717	Mammalia	class	30	1	Theria, Eutheria, Boreoeutheria	0.966666666666667, 0.9, 0.866666666666667	cellular organisms, Eukaryota, Opisthokonta, Metazoa, Eumetazoa, Bilateria, Deuterostomia, Chordata, Craniata, Vertebrata, Gnathostomata, Teleostomi, Euteleostomi, Sarcopterygii, Dipnotetrapodomorpha, Tetrapoda, Amniota, Mammalia	no rank, superkingdom, clade, kingdom, clade, clade, clade, phylum, subphylum, clade, clade, clade, clade, superclass, clade, clade, clade, class	Terrestrial	0.97	Multicellular	1	8390	314	6249	189	216.59951624235927	151.91220639804024	581.3915365656244	13.567089790198258	n
718	Theria	clade	29	1	Eutheria, Boreoeutheria	0.931034482758621, 0.896551724137931	cellular organisms, Eukaryota, Opisthokonta, Metazoa, Eumetazoa, Bilateria, Deuterostomia, Chordata, Craniata, Vertebrata, Gnathostomata, Teleostomi, Euteleostomi, Sarcopterygii, Dipnotetrapodomorpha, Tetrapoda, Amniota, Mammalia, Theria	no rank, superkingdom, clade, kingdom, clade, clade, clade, phylum, subphylum, clade, clade, clade, clade, superclass, clade, clade, clade, class, clade	Terrestrial	1	Multicellular	1	8584	222	6353	117	216.15576892624503	NA	580.9935260672339	4.891611062894202	n
719	Metatheria	clade	2	1	NA	NA	cellular organisms, Eukaryota, Opisthokonta, Metazoa, Eumetazoa, Bilateria, Deuterostomia, Chordata, Craniata, Vertebrata, Gnathostomata, Teleostomi, Euteleostomi, Sarcopterygii, Dipnotetrapodomorpha, Tetrapoda, Amniota, Mammalia, Theria, Metatheria	no rank, superkingdom, clade, kingdom, clade, clade, clade, phylum, subphylum, clade, clade, clade, clade, superclass, clade, clade, clade, class, clade, clade	Terrestrial	1	Multicellular	1	8750	217	6368	39	223.3574739405754	7.201705014330368	577.3517609262518	8.333463498500349	n
720	Eutheria	clade	27	1	Boreoeutheria	0.962962962962963	cellular organisms, Eukaryota, Opisthokonta, Metazoa, Eumetazoa, Bilateria, Deuterostomia, Chordata, Craniata, Vertebrata, Gnathostomata, Teleostomi, Euteleostomi, Sarcopterygii, Dipnotetrapodomorpha, Tetrapoda, Amniota, Mammalia, Theria, Eutheria	no rank, superkingdom, clade, kingdom, clade, clade, clade, phylum, subphylum, clade, clade, clade, clade, superclass, clade, clade, clade, class, clade, clade	Terrestrial	1	Multicellular	1	8835	280	6445	106	214.54962335279797	NA	583.2099954707254	11.247669997510696	n
721	Eutheria	clade	26	1	Boreoeutheria	0.961538461538462	cellular organisms, Eukaryota, Opisthokonta, Metazoa, Eumetazoa, Bilateria, Deuterostomia, Chordata, Craniata, Vertebrata, Gnathostomata, Teleostomi, Euteleostomi, Sarcopterygii, Dipnotetrapodomorpha, Tetrapoda, Amniota, Mammalia, Theria, Eutheria	no rank, superkingdom, clade, kingdom, clade, clade, clade, phylum, subphylum, clade, clade, clade, clade, superclass, clade, clade, clade, class, clade, clade	Terrestrial	1	Multicellular	1	8924	99	6481	44	224.5674956551499	10.01787230235194	582.4816927086392	3.9840723274278287	n
722	Boreoeutheria	clade	25	1	NA	NA	cellular organisms, Eukaryota, Opisthokonta, Metazoa, Eumetazoa, Bilateria, Deuterostomia, Chordata, Craniata, Vertebrata, Gnathostomata, Teleostomi, Euteleostomi, Sarcopterygii, Dipnotetrapodomorpha, Tetrapoda, Amniota, Mammalia, Theria, Eutheria, Boreoeutheria	no rank, superkingdom, clade, kingdom, clade, clade, clade, phylum, subphylum, clade, clade, clade, clade, superclass, clade, clade, clade, class, clade, clade, clade	Terrestrial	1	Multicellular	1	9021	107	6522	45	224.5674956551499	NA	582.5287169356639	3.6394907326559367	n
723	Laurasiatheria	superorder	9	1	NA	NA	cellular organisms, Eukaryota, Opisthokonta, Metazoa, Eumetazoa, Bilateria, Deuterostomia, Chordata, Craniata, Vertebrata, Gnathostomata, Teleostomi, Euteleostomi, Sarcopterygii, Dipnotetrapodomorpha, Tetrapoda, Amniota, Mammalia, Theria, Eutheria, Boreoeutheria, Laurasiatheria	no rank, superkingdom, clade, kingdom, clade, clade, clade, phylum, subphylum, clade, clade, clade, clade, superclass, clade, clade, clade, class, clade, clade, clade, superorder	Terrestrial	1	Multicellular	1	9030	28	6522	10	228.4557471085589	3.8882514534090062	581.2429129592562	0.8624076881825589	n
724	Laurasiatheria	superorder	4	1	Artiodactyla	0.75	cellular organisms, Eukaryota, Opisthokonta, Metazoa, Eumetazoa, Bilateria, Deuterostomia, Chordata, Craniata, Vertebrata, Gnathostomata, Teleostomi, Euteleostomi, Sarcopterygii, Dipnotetrapodomorpha, Tetrapoda, Amniota, Mammalia, Theria, Eutheria, Boreoeutheria, Laurasiatheria	no rank, superkingdom, clade, kingdom, clade, clade, clade, phylum, subphylum, clade, clade, clade, clade, superclass, clade, clade, clade, class, clade, clade, clade, superorder	Terrestrial	1	Multicellular	1	8997	12	6511	5	224.6138439718818	NA	577.6420785004751	1.355641842107221	n
725	Artiodactyla	order	3	1	NA	NA	cellular organisms, Eukaryota, Opisthokonta, Metazoa, Eumetazoa, Bilateria, Deuterostomia, Chordata, Craniata, Vertebrata, Gnathostomata, Teleostomi, Euteleostomi, Sarcopterygii, Dipnotetrapodomorpha, Tetrapoda, Amniota, Mammalia, Theria, Eutheria, Boreoeutheria, Laurasiatheria, Artiodactyla	no rank, superkingdom, clade, kingdom, clade, clade, clade, phylum, subphylum, clade, clade, clade, clade, superclass, clade, clade, clade, class, clade, clade, clade, superorder, order	Terrestrial	1	Multicellular	1	9039	62	6517	19	222.4299917028492	NA	576.405880490812	5.450230920548659	n
726	Bovidae	family	2	1	NA	NA	cellular organisms, Eukaryota, Opisthokonta, Metazoa, Eumetazoa, Bilateria, Deuterostomia, Chordata, Craniata, Vertebrata, Gnathostomata, Teleostomi, Euteleostomi, Sarcopterygii, Dipnotetrapodomorpha, Tetrapoda, Amniota, Mammalia, Theria, Eutheria, Boreoeutheria, Laurasiatheria, Artiodactyla, Ruminantia, Pecora, Bovidae	no rank, superkingdom, clade, kingdom, clade, clade, clade, phylum, subphylum, clade, clade, clade, clade, superclass, clade, clade, clade, class, clade, clade, clade, superorder, order, suborder, infraorder, family	Terrestrial	1	Multicellular	1	9188	160	6553	41	225.27568017554486	2.8456884726956693	575.3413786341395	6.701779106037093	n
727	Laurasiatheria	superorder	5	1	Carnivora	0.8	cellular organisms, Eukaryota, Opisthokonta, Metazoa, Eumetazoa, Bilateria, Deuterostomia, Chordata, Craniata, Vertebrata, Gnathostomata, Teleostomi, Euteleostomi, Sarcopterygii, Dipnotetrapodomorpha, Tetrapoda, Amniota, Mammalia, Theria, Eutheria, Boreoeutheria, Laurasiatheria	no rank, superkingdom, clade, kingdom, clade, clade, clade, phylum, subphylum, clade, clade, clade, clade, superclass, clade, clade, clade, class, clade, clade, clade, superorder	Terrestrial	1	Multicellular	1	9164	168	6532	21	230.7162635680603	2.236942803291493	578.3465054992913	2.646593770915161	n
728	Carnivora	order	4	1	Caniformia	0.75	cellular organisms, Eukaryota, Opisthokonta, Metazoa, Eumetazoa, Bilateria, Deuterostomia, Chordata, Craniata, Vertebrata, Gnathostomata, Teleostomi, Euteleostomi, Sarcopterygii, Dipnotetrapodomorpha, Tetrapoda, Amniota, Mammalia, Theria, Eutheria, Boreoeutheria, Laurasiatheria, Carnivora	no rank, superkingdom, clade, kingdom, clade, clade, clade, phylum, subphylum, clade, clade, clade, clade, superclass, clade, clade, clade, class, clade, clade, clade, superorder, order	Terrestrial	1	Multicellular	1	9175	57	6521	13	230.63800455782385	0.3080231357927715	574.8638505994569	6.356453010398242	n
729	Caniformia	suborder	3	1	NA	NA	cellular organisms, Eukaryota, Opisthokonta, Metazoa, Eumetazoa, Bilateria, Deuterostomia, Chordata, Craniata, Vertebrata, Gnathostomata, Teleostomi, Euteleostomi, Sarcopterygii, Dipnotetrapodomorpha, Tetrapoda, Amniota, Mammalia, Theria, Eutheria, Boreoeutheria, Laurasiatheria, Carnivora, Caniformia	no rank, superkingdom, clade, kingdom, clade, clade, clade, phylum, subphylum, clade, clade, clade, clade, superclass, clade, clade, clade, class, clade, clade, clade, superorder, order, suborder	Terrestrial	1	Multicellular	1	9110	32	6475	5	227.42267311873934	NA	569.303632600292	2.166411597494022	n
730	Caniformia	suborder	2	1	NA	NA	cellular organisms, Eukaryota, Opisthokonta, Metazoa, Eumetazoa, Bilateria, Deuterostomia, Chordata, Craniata, Vertebrata, Gnathostomata, Teleostomi, Euteleostomi, Sarcopterygii, Dipnotetrapodomorpha, Tetrapoda, Amniota, Mammalia, Theria, Eutheria, Boreoeutheria, Laurasiatheria, Carnivora, Caniformia	no rank, superkingdom, clade, kingdom, clade, clade, clade, phylum, subphylum, clade, clade, clade, clade, superclass, clade, clade, clade, class, clade, clade, clade, superorder, order, suborder	Terrestrial	1	Multicellular	1	9059	57	6444	21	222.74273581984707	NA	566.765863683729	1.2339691194625124	n
731	Euarchontoglires	superorder	16	1	NA	NA	cellular organisms, Eukaryota, Opisthokonta, Metazoa, Eumetazoa, Bilateria, Deuterostomia, Chordata, Craniata, Vertebrata, Gnathostomata, Teleostomi, Euteleostomi, Sarcopterygii, Dipnotetrapodomorpha, Tetrapoda, Amniota, Mammalia, Theria, Eutheria, Boreoeutheria, Euarchontoglires	no rank, superkingdom, clade, kingdom, clade, clade, clade, phylum, subphylum, clade, clade, clade, clade, superclass, clade, clade, clade, class, clade, clade, clade, superorder	Terrestrial	1	Multicellular	1	9012	19	6517	5	215.69822062114653	NA	581.3821144367379	0.8821355677796838	n
732	Glires	clade	7	1	Rodentia	0.857142857142857	cellular organisms, Eukaryota, Opisthokonta, Metazoa, Eumetazoa, Bilateria, Deuterostomia, Chordata, Craniata, Vertebrata, Gnathostomata, Teleostomi, Euteleostomi, Sarcopterygii, Dipnotetrapodomorpha, Tetrapoda, Amniota, Mammalia, Theria, Eutheria, Boreoeutheria, Euarchontoglires, Glires	no rank, superkingdom, clade, kingdom, clade, clade, clade, phylum, subphylum, clade, clade, clade, clade, superclass, clade, clade, clade, class, clade, clade, clade, superorder, clade	Terrestrial	1	Multicellular	1	8946	36	6487	4	215.69822062114653	NA	575.6989945109832	1.1871408144587514	n
733	Rodentia	order	6	1	NA	NA	cellular organisms, Eukaryota, Opisthokonta, Metazoa, Eumetazoa, Bilateria, Deuterostomia, Chordata, Craniata, Vertebrata, Gnathostomata, Teleostomi, Euteleostomi, Sarcopterygii, Dipnotetrapodomorpha, Tetrapoda, Amniota, Mammalia, Theria, Eutheria, Boreoeutheria, Euarchontoglires, Glires, Rodentia	no rank, superkingdom, clade, kingdom, clade, clade, clade, phylum, subphylum, clade, clade, clade, clade, superclass, clade, clade, clade, class, clade, clade, clade, superorder, clade, order	Terrestrial	1	Multicellular	1	8881	22	6456	4	0	NA	572.7843044921101	1.5806360232969048	n
734	Rodentia	order	5	1	NA	NA	cellular organisms, Eukaryota, Opisthokonta, Metazoa, Eumetazoa, Bilateria, Deuterostomia, Chordata, Craniata, Vertebrata, Gnathostomata, Teleostomi, Euteleostomi, Sarcopterygii, Dipnotetrapodomorpha, Tetrapoda, Amniota, Mammalia, Theria, Eutheria, Boreoeutheria, Euarchontoglires, Glires, Rodentia	no rank, superkingdom, clade, kingdom, clade, clade, clade, phylum, subphylum, clade, clade, clade, clade, superclass, clade, clade, clade, class, clade, clade, clade, superorder, clade, order	Terrestrial	1	Multicellular	1	8873	43	6449	11	0	NA	570.8255846910611	1.756771195757968	n
735	Hystricomorpha	suborder	2	1	NA	NA	cellular organisms, Eukaryota, Opisthokonta, Metazoa, Eumetazoa, Bilateria, Deuterostomia, Chordata, Craniata, Vertebrata, Gnathostomata, Teleostomi, Euteleostomi, Sarcopterygii, Dipnotetrapodomorpha, Tetrapoda, Amniota, Mammalia, Theria, Eutheria, Boreoeutheria, Euarchontoglires, Glires, Rodentia, Hystricomorpha	no rank, superkingdom, clade, kingdom, clade, clade, clade, phylum, subphylum, clade, clade, clade, clade, superclass, clade, clade, clade, class, clade, clade, clade, superorder, clade, order, suborder	Terrestrial	1	Multicellular	1	8799	28	6428	15	0	NA	568.7777528432256	4.445631707863214	n
736	Rodentia	order	3	1	NA	NA	cellular organisms, Eukaryota, Opisthokonta, Metazoa, Eumetazoa, Bilateria, Deuterostomia, Chordata, Craniata, Vertebrata, Gnathostomata, Teleostomi, Euteleostomi, Sarcopterygii, Dipnotetrapodomorpha, Tetrapoda, Amniota, Mammalia, Theria, Eutheria, Boreoeutheria, Euarchontoglires, Glires, Rodentia	no rank, superkingdom, clade, kingdom, clade, clade, clade, phylum, subphylum, clade, clade, clade, clade, superclass, clade, clade, clade, class, clade, clade, clade, superorder, clade, order	Terrestrial	1	Multicellular	1	8906	67	6444	15	0	NA	567.9322058880853	1.2015385261546527	n
737	Mus	genus	2	1	NA	NA	cellular organisms, Eukaryota, Opisthokonta, Metazoa, Eumetazoa, Bilateria, Deuterostomia, Chordata, Craniata, Vertebrata, Gnathostomata, Teleostomi, Euteleostomi, Sarcopterygii, Dipnotetrapodomorpha, Tetrapoda, Amniota, Mammalia, Theria, Eutheria, Boreoeutheria, Euarchontoglires, Glires, Rodentia, Myomorpha, Muroidea, Cricetidae, Muridae, Cricetinae, Murinae, Cricetulus, Mus	no rank, superkingdom, clade, kingdom, clade, clade, clade, phylum, subphylum, clade, clade, clade, clade, superclass, clade, clade, clade, class, clade, clade, clade, superorder, clade, order, suborder, clade, family, family, subfamily, subfamily, genus, genus	Terrestrial	1	Multicellular	1	8994	99	6467	29	10.126645428674884	10.126645428674884	567.820819278702	5.687017883939331	n
738	Primates	order	9	1	NA	NA	cellular organisms, Eukaryota, Opisthokonta, Metazoa, Eumetazoa, Bilateria, Deuterostomia, Chordata, Craniata, Vertebrata, Gnathostomata, Teleostomi, Euteleostomi, Sarcopterygii, Dipnotetrapodomorpha, Tetrapoda, Amniota, Mammalia, Theria, Eutheria, Boreoeutheria, Euarchontoglires, Primates	no rank, superkingdom, clade, kingdom, clade, clade, clade, phylum, subphylum, clade, clade, clade, clade, superclass, clade, clade, clade, class, clade, clade, clade, superorder, order	Terrestrial	1	Multicellular	1	8990	16	6516	7	215.69822062114653	NA	580.7760113359161	1.5424535349910626	n
739	Strepsirrhini	suborder	2	1	NA	NA	cellular organisms, Eukaryota, Opisthokonta, Metazoa, Eumetazoa, Bilateria, Deuterostomia, Chordata, Craniata, Vertebrata, Gnathostomata, Teleostomi, Euteleostomi, Sarcopterygii, Dipnotetrapodomorpha, Tetrapoda, Amniota, Mammalia, Theria, Eutheria, Boreoeutheria, Euarchontoglires, Primates, Strepsirrhini	no rank, superkingdom, clade, kingdom, clade, clade, clade, phylum, subphylum, clade, clade, clade, clade, superclass, clade, clade, clade, class, clade, clade, clade, superorder, order, suborder	Terrestrial	1	Multicellular	1	8965	31	6496	8	215.69822062114653	NA	579.9902241683666	3.1294008094280947	n
740	Haplorrhini	suborder	7	1	Simiiformes	0.857142857142857	cellular organisms, Eukaryota, Opisthokonta, Metazoa, Eumetazoa, Bilateria, Deuterostomia, Chordata, Craniata, Vertebrata, Gnathostomata, Teleostomi, Euteleostomi, Sarcopterygii, Dipnotetrapodomorpha, Tetrapoda, Amniota, Mammalia, Theria, Eutheria, Boreoeutheria, Euarchontoglires, Primates, Haplorrhini	no rank, superkingdom, clade, kingdom, clade, clade, clade, phylum, subphylum, clade, clade, clade, clade, superclass, clade, clade, clade, class, clade, clade, clade, superorder, order, suborder	Terrestrial	1	Multicellular	1	9040	62	6527	17	215.69822062114653	NA	581.1974139044061	2.1777724984000413	n
741	Simiiformes	infraorder	6	1	NA	NA	cellular organisms, Eukaryota, Opisthokonta, Metazoa, Eumetazoa, Bilateria, Deuterostomia, Chordata, Craniata, Vertebrata, Gnathostomata, Teleostomi, Euteleostomi, Sarcopterygii, Dipnotetrapodomorpha, Tetrapoda, Amniota, Mammalia, Theria, Eutheria, Boreoeutheria, Euarchontoglires, Primates, Haplorrhini, Simiiformes	no rank, superkingdom, clade, kingdom, clade, clade, clade, phylum, subphylum, clade, clade, clade, clade, superclass, clade, clade, clade, class, clade, clade, clade, superorder, order, suborder, infraorder	Terrestrial	1	Multicellular	1	9138	137	6550	32	215.69822062114653	NA	579.8508215792276	1.121909717330701	n
742	Callithrix	genus	2	1	NA	NA	cellular organisms, Eukaryota, Opisthokonta, Metazoa, Eumetazoa, Bilateria, Deuterostomia, Chordata, Craniata, Vertebrata, Gnathostomata, Teleostomi, Euteleostomi, Sarcopterygii, Dipnotetrapodomorpha, Tetrapoda, Amniota, Mammalia, Theria, Eutheria, Boreoeutheria, Euarchontoglires, Primates, Haplorrhini, Simiiformes, Platyrrhini, Aotidae, Cebidae, Aotus, Callitrichinae, Aotus nancymaae, Callithrix	no rank, superkingdom, clade, kingdom, clade, clade, clade, phylum, subphylum, clade, clade, clade, clade, superclass, clade, clade, clade, class, clade, clade, clade, superorder, order, suborder, infraorder, parvorder, family, family, genus, subfamily, species, genus	Terrestrial	1	Multicellular	1	9262	157	6557	20	215.69822062114653	NA	577.534456589079	3.0228906145742727	n
743	Catarrhini	parvorder	4	1	Hominoidea	0.75	cellular organisms, Eukaryota, Opisthokonta, Metazoa, Eumetazoa, Bilateria, Deuterostomia, Chordata, Craniata, Vertebrata, Gnathostomata, Teleostomi, Euteleostomi, Sarcopterygii, Dipnotetrapodomorpha, Tetrapoda, Amniota, Mammalia, Theria, Eutheria, Boreoeutheria, Euarchontoglires, Primates, Haplorrhini, Simiiformes, Catarrhini	no rank, superkingdom, clade, kingdom, clade, clade, clade, phylum, subphylum, clade, clade, clade, clade, superclass, clade, clade, clade, class, clade, clade, clade, superorder, order, suborder, infraorder, parvorder	Terrestrial	1	Multicellular	1	9231	103	6575	33	222.6933087106815	6.995088089534962	580.2884905440693	1.2227689635782841	n
744	Hominoidea	superfamily	3	1	NA	NA	cellular organisms, Eukaryota, Opisthokonta, Metazoa, Eumetazoa, Bilateria, Deuterostomia, Chordata, Craniata, Vertebrata, Gnathostomata, Teleostomi, Euteleostomi, Sarcopterygii, Dipnotetrapodomorpha, Tetrapoda, Amniota, Mammalia, Theria, Eutheria, Boreoeutheria, Euarchontoglires, Primates, Haplorrhini, Simiiformes, Catarrhini, Hominoidea	no rank, superkingdom, clade, kingdom, clade, clade, clade, phylum, subphylum, clade, clade, clade, clade, superclass, clade, clade, clade, class, clade, clade, clade, superorder, order, suborder, infraorder, parvorder, superfamily	Terrestrial	1	Multicellular	1	9278	82	6577	20	223.14062196891746	0.44731325823597046	578.4142408134127	0.6664662280623831	n
745	Hominidae	family	2	1	NA	NA	cellular organisms, Eukaryota, Opisthokonta, Metazoa, Eumetazoa, Bilateria, Deuterostomia, Chordata, Craniata, Vertebrata, Gnathostomata, Teleostomi, Euteleostomi, Sarcopterygii, Dipnotetrapodomorpha, Tetrapoda, Amniota, Mammalia, Theria, Eutheria, Boreoeutheria, Euarchontoglires, Primates, Haplorrhini, Simiiformes, Catarrhini, Hominoidea, Hominidae	no rank, superkingdom, clade, kingdom, clade, clade, clade, phylum, subphylum, clade, clade, clade, clade, superclass, clade, clade, clade, class, clade, clade, clade, superorder, order, suborder, infraorder, parvorder, superfamily, family	Terrestrial	1	Multicellular	1	9521	256	6602	29	223.70365164756015	0.5630296786426701	582.8724060179502	4.969131796913787	n
746	Bacteria	superkingdom	271	1	NA	NA	cellular organisms, Bacteria	no rank, superkingdom	NA	NA	NA	NA	308	230	978	272	14.176807881693012	8.418237171660023	8.55314884634829	1.893871425565462	n
747	Pseudomonadati	kingdom	16	1	NA	NA	cellular organisms, Bacteria, Pseudomonadati	no rank, superkingdom, kingdom	NA	NA	NA	NA	346	38	998	35	14.972697349807222	0.8209399731647137	9.057377118748434	0.5058809874973462	n
748	Spirochaetia	class	4	1	NA	NA	cellular organisms, Bacteria, Pseudomonadati, Spirochaetota, Spirochaetia	no rank, superkingdom, kingdom, phylum, class	NA	NA	NA	NA	500	156	1110	139	22.230554348753365	7.257856998946146	9.669199071618898	0.939986180415629	n
749	Spirochaetia	class	3	1	NA	NA	cellular organisms, Bacteria, Pseudomonadati, Spirochaetota, Spirochaetia	no rank, superkingdom, kingdom, phylum, class	NA	NA	NA	NA	513	25	1087	18	22.562016053147627	0.7211221901717165	9.641323741698569	0.09703414769063617	n
750	Spirochaetales	order	2	1	NA	NA	cellular organisms, Bacteria, Pseudomonadati, Spirochaetota, Spirochaetia, Spirochaetales	no rank, superkingdom, kingdom, phylum, class, order	NA	NA	NA	NA	645	172	1068	56	22.413227497334006	0.7191488487004418	10.784056023853159	1.2308574778455919	n
751	PVC group	clade	12	1	NA	NA	cellular organisms, Bacteria, Pseudomonadati, PVC group	no rank, superkingdom, kingdom, clade	NA	NA	NA	NA	418	73	1020	46	15.678999301877116	0.9745934412157775	10.117600692188848	1.4809690137672695	n
752	Chlamydiia	class	4	1	Parachlamydiales	0.75	cellular organisms, Bacteria, Pseudomonadati, PVC group, Chlamydiota, Chlamydiia	no rank, superkingdom, kingdom, clade, phylum, class	NA	NA	NA	NA	621	257	923	69	17.034295504074993	2.529513603788511	11.065807313675991	3.391645554452085	n
753	Parachlamydiales	order	3	1	NA	NA	cellular organisms, Bacteria, Pseudomonadati, PVC group, Chlamydiota, Chlamydiia, Parachlamydiales	no rank, superkingdom, kingdom, clade, phylum, class, order	NA	NA	NA	NA	803	185	1001	88	19.169305268126536	2.2096152413858934	15.499654219026327	4.686421002684759	n
754	Parachlamydiales	order	2	1	NA	NA	cellular organisms, Bacteria, Pseudomonadati, PVC group, Chlamydiota, Chlamydiia, Parachlamydiales	no rank, superkingdom, kingdom, clade, phylum, class, order	NA	NA	NA	NA	1196	401	1185	192	23.681464603999935	4.645492669206729	18.863272218454714	4.031565580284818	n
755	PVC group	clade	8	1	NA	NA	cellular organisms, Bacteria, Pseudomonadati, PVC group	no rank, superkingdom, kingdom, clade	NA	NA	NA	NA	676	272	1251	242	15.134806200933681	NA	13.86191029935795	4.334947203387179	n
756	Verrucomicrobiota	phylum	4	1	NA	NA	cellular organisms, Bacteria, Pseudomonadati, PVC group, Verrucomicrobiota	no rank, superkingdom, kingdom, clade, phylum	NA	NA	NA	NA	875	211	1358	124	14.485195359593469	NA	14.772620980150872	0.9964117007700004	n
757	Verrucomicrobiota	phylum	3	1	NA	NA	cellular organisms, Bacteria, Pseudomonadati, PVC group, Verrucomicrobiota	no rank, superkingdom, kingdom, clade, phylum	NA	NA	NA	NA	950	85	1364	42	24.374460308725027	9.889264949131556	17.560591498754118	0.8435711482371184	n
758	Opitutia	class	2	1	NA	NA	cellular organisms, Bacteria, Pseudomonadati, PVC group, Verrucomicrobiota, Opitutia	no rank, superkingdom, kingdom, clade, phylum, class	NA	NA	NA	NA	1391	474	1529	185	29.956357276367893	5.581896967642866	22.16628046264209	4.199185629331946	n
759	Planctomycetota	phylum	4	1	Planctomycetia	0.75	cellular organisms, Bacteria, Pseudomonadati, PVC group, Planctomycetota	no rank, superkingdom, kingdom, clade, phylum	NA	NA	NA	NA	1030	367	1388	153	15.134806200933681	NA	15.808199180171632	2.640316521271767	n
760	Planctomycetia	class	3	1	NA	NA	cellular organisms, Bacteria, Pseudomonadati, PVC group, Planctomycetota, Planctomycetia	no rank, superkingdom, kingdom, clade, phylum, class	NA	NA	NA	NA	1506	499	1582	215	14.457985992399625	NA	17.28187959481584	3.0653559756808293	n
761	Planctomycetia	class	2	1	NA	NA	cellular organisms, Bacteria, Pseudomonadati, PVC group, Planctomycetota, Planctomycetia	no rank, superkingdom, kingdom, clade, phylum, class	NA	NA	NA	NA	1862	386	1689	133	33.06903917121552	18.611053178815897	20.170877940066266	4.74157122345436	n
762	Bacteria	superkingdom	255	1	NA	NA	cellular organisms, Bacteria	no rank, superkingdom	NA	NA	NA	NA	365	61	1034	65	15.553720835486113	1.3769129537931004	8.353951401961865	0.18174433748335192	n
763	Pseudomonadati	kingdom	29	1	FCB group, Bacteroidota/Chlorobiota group	0.931034482758621, 0.862068965517241	cellular organisms, Bacteria, Pseudomonadati	no rank, superkingdom, kingdom	NA	NA	NA	NA	420	58	1085	58	15.498535553616943	NA	9.049354403192195	0.8851827057395597	n
764	Bdellovibrionota	phylum	2	1	NA	NA	cellular organisms, Bacteria, Pseudomonadati, Bdellovibrionota	no rank, superkingdom, kingdom, phylum	NA	NA	NA	NA	1182	781	1405	353	28.504270843233343	13.005735289616398	15.777737499996903	6.379992577057952	n
765	FCB group	clade	27	1	Bacteroidota/Chlorobiota group	0.925925925925926	cellular organisms, Bacteria, Pseudomonadati, FCB group	no rank, superkingdom, kingdom, clade	NA	NA	NA	NA	522	111	1129	65	15.110781095816701	NA	11.545213377427299	0.36460953378730737	n
766	FCB group	clade	26	1	Bacteroidota/Chlorobiota group, Bacteroidota	0.961538461538462, 0.807692307692308	cellular organisms, Bacteria, Pseudomonadati, FCB group	no rank, superkingdom, kingdom, clade	NA	NA	NA	NA	574	71	1185	82	21.897203643014336	6.786422547197634	11.71956443911046	0.3265850466990237	n
767	FCB group	clade	4	1	Bacteroidota/Chlorobiota group	0.75	cellular organisms, Bacteria, Pseudomonadati, FCB group	no rank, superkingdom, kingdom, clade	NA	NA	NA	NA	614	47	1212	53	23.544306717038378	1.6471030740240427	12.384043628035176	1.2959665535789096	n
768	Bacteroidota/Chlorobiota group	clade	3	1	NA	NA	cellular organisms, Bacteria, Pseudomonadati, FCB group, Bacteroidota/Chlorobiota group	no rank, superkingdom, kingdom, clade, clade	NA	NA	NA	NA	818	219	1300	125	26.504457712530293	3.01744266215858	13.368919403673804	1.6528838507227117	n
769	Ignavibacteriales	order	2	1	NA	NA	cellular organisms, Bacteria, Pseudomonadati, FCB group, Bacteroidota/Chlorobiota group, Ignavibacteriota, Ignavibacteria, Ignavibacteriales	no rank, superkingdom, kingdom, clade, clade, phylum, class, order	NA	NA	NA	NA	1635	839	1630	362	33.4319261476748	7.386910981756211	17.12689174754979	3.459065501951201	n
770	Bacteroidota/Chlorobiota group	clade	22	1	Bacteroidota	0.954545454545455	cellular organisms, Bacteria, Pseudomonadati, FCB group, Bacteroidota/Chlorobiota group	no rank, superkingdom, kingdom, clade, clade	NA	NA	NA	NA	769	207	1309	140	25.798777477316015	3.9015738343016797	12.72528828140899	1.5942855447973299	n
771	Bacteroidota	phylum	21	1	NA	NA	cellular organisms, Bacteria, Pseudomonadati, FCB group, Bacteroidota/Chlorobiota group, Bacteroidota	no rank, superkingdom, kingdom, clade, clade, phylum	NA	NA	NA	NA	962	240	1386	116	27.681512623872038	1.8734371759959652	16.846901759579424	5.024162433474942	n
772	Bacteroidales	order	7	1	NA	NA	cellular organisms, Bacteria, Pseudomonadati, FCB group, Bacteroidota/Chlorobiota group, Bacteroidota, Bacteroidia, Bacteroidales	no rank, superkingdom, kingdom, clade, clade, phylum, class, order	NA	NA	NA	NA	1214	285	1494	155	29.740092739734262	2.4144153166858127	17.69861635349043	1.0890860405108982	n
773	Bacteroidales	order	6	1	NA	NA	cellular organisms, Bacteria, Pseudomonadati, FCB group, Bacteroidota/Chlorobiota group, Bacteroidota, Bacteroidia, Bacteroidales	no rank, superkingdom, kingdom, clade, clade, phylum, class, order	NA	NA	NA	NA	1280	106	1500	51	29.55189640885166	0.4978601985097911	17.65239179461298	0.315754300432855	n
774	Bacteroidales	order	5	1	NA	NA	cellular organisms, Bacteria, Pseudomonadati, FCB group, Bacteroidota/Chlorobiota group, Bacteroidota, Bacteroidia, Bacteroidales	no rank, superkingdom, kingdom, clade, clade, phylum, class, order	NA	NA	NA	NA	1255	38	1468	22	28.351692291155928	0.06585365853658537	17.041691430303615	0.15807143313042968	n
775	Bacteroidales	order	2	1	NA	NA	cellular organisms, Bacteria, Pseudomonadati, FCB group, Bacteroidota/Chlorobiota group, Bacteroidota, Bacteroidia, Bacteroidales	no rank, superkingdom, kingdom, clade, clade, phylum, class, order	NA	NA	NA	NA	1279	112	1451	65	27.08686646070726	0.6307890943337798	17.22129643895373	0.7103865447546269	n
776	Bacteroidales	order	3	1	NA	NA	cellular organisms, Bacteria, Pseudomonadati, FCB group, Bacteroidota/Chlorobiota group, Bacteroidota, Bacteroidia, Bacteroidales	no rank, superkingdom, kingdom, clade, clade, phylum, class, order	NA	NA	NA	NA	1475	229	1584	121	29.55603267854639	1.2362876490537515	19.874340543656	3.423009286565688	n
777	Bacteroidaceae	family	2	1	NA	NA	cellular organisms, Bacteria, Pseudomonadati, FCB group, Bacteroidota/Chlorobiota group, Bacteroidota, Bacteroidia, Bacteroidales, Bacteroidaceae	no rank, superkingdom, kingdom, clade, clade, phylum, class, order, family	NA	NA	NA	NA	1872	421	1732	167	31.551752171759453	2.0027956887235443	24.29787722276741	4.514753453569378	n
778	Bacteroidota	phylum	14	1	NA	NA	cellular organisms, Bacteria, Pseudomonadati, FCB group, Bacteroidota/Chlorobiota group, Bacteroidota	no rank, superkingdom, kingdom, clade, clade, phylum	NA	NA	NA	NA	1236	285	1505	140	31.072673868803733	3.4339284943552473	20.21155385245379	3.652886473847376	n
779	Flavobacteriales	order	5	1	NA	NA	cellular organisms, Bacteria, Pseudomonadati, FCB group, Bacteroidota/Chlorobiota group, Bacteroidota, Flavobacteriia, Flavobacteriales	no rank, superkingdom, kingdom, clade, clade, phylum, class, order	NA	NA	NA	NA	1396	179	1544	76	31.16361126527761	1.2970383595008343	21.107494953209155	1.2040747839919466	n
780	Flavobacteriales	order	4	1	NA	NA	cellular organisms, Bacteria, Pseudomonadati, FCB group, Bacteroidota/Chlorobiota group, Bacteroidota, Flavobacteriia, Flavobacteriales	no rank, superkingdom, kingdom, clade, clade, phylum, class, order	NA	NA	NA	NA	1429	77	1521	39	30.684054734516184	0.6764337631543736	19.322065517270715	0.36962305023018904	n
781	Flavobacteriales	order	3	1	NA	NA	cellular organisms, Bacteria, Pseudomonadati, FCB group, Bacteroidota/Chlorobiota group, Bacteroidota, Flavobacteriia, Flavobacteriales	no rank, superkingdom, kingdom, clade, clade, phylum, class, order	NA	NA	NA	NA	1357	21	1458	12	30.13371731883128	0.044016028715154296	19.070524497002673	0.06003294253094504	n
782	Flavobacteriales	order	2	1	NA	NA	cellular organisms, Bacteria, Pseudomonadati, FCB group, Bacteroidota/Chlorobiota group, Bacteroidota, Flavobacteriia, Flavobacteriales	no rank, superkingdom, kingdom, clade, clade, phylum, class, order	NA	NA	NA	NA	1065	19	1230	9	25.396264054010995	0.146078431372549	14.906180710573501	0.3856475532918648	n
783	Bacteroidota	phylum	9	1	NA	NA	cellular organisms, Bacteria, Pseudomonadati, FCB group, Bacteroidota/Chlorobiota group, Bacteroidota	no rank, superkingdom, kingdom, clade, clade, phylum	NA	NA	NA	NA	1306	78	1553	55	32.244929469985244	1.1893571723477143	21.298590500377525	1.3614194521815832	n
784	Bacteroidota	phylum	4	1	NA	NA	cellular organisms, Bacteria, Pseudomonadati, FCB group, Bacteroidota/Chlorobiota group, Bacteroidota	no rank, superkingdom, kingdom, clade, clade, phylum	NA	NA	NA	NA	1831	543	1846	301	38.77468403911917	6.512805416591551	24.22874527017446	4.45590527572918	n
785	Bacteroidota	phylum	3	1	NA	NA	cellular organisms, Bacteria, Pseudomonadati, FCB group, Bacteroidota/Chlorobiota group, Bacteroidota	no rank, superkingdom, kingdom, clade, clade, phylum	NA	NA	NA	NA	1963	161	1904	73	39.620147686647506	1.2722197627820802	26.891487962059873	2.9859308255186714	n
786	Saprospirales	order	2	1	NA	NA	cellular organisms, Bacteria, Pseudomonadati, FCB group, Bacteroidota/Chlorobiota group, Bacteroidota, Saprospiria, Saprospirales	no rank, superkingdom, kingdom, clade, clade, phylum, class, order	NA	NA	NA	NA	2225	324	1972	113	41.3773562605341	1.9474062050006604	29.70683800781764	3.922448561473576	n
787	Cytophagales	order	5	1	NA	NA	cellular organisms, Bacteria, Pseudomonadati, FCB group, Bacteroidota/Chlorobiota group, Bacteroidota, Cytophagia, Cytophagales	no rank, superkingdom, kingdom, clade, clade, phylum, class, order	NA	NA	NA	NA	1271	16	1496	8	31.40090429537115	NA	21.175405002559884	0.0027055298720546107	n
788	Cytophagales	order	2	1	NA	NA	cellular organisms, Bacteria, Pseudomonadati, FCB group, Bacteroidota/Chlorobiota group, Bacteroidota, Cytophagia, Cytophagales	no rank, superkingdom, kingdom, clade, clade, phylum, class, order	NA	NA	NA	NA	1570	302	1629	135	33.33800286912336	1.9370985737522106	22.2347575231008	1.3145074180840122	n
789	Cytophagales	order	3	1	NA	NA	cellular organisms, Bacteria, Pseudomonadati, FCB group, Bacteroidota/Chlorobiota group, Bacteroidota, Cytophagia, Cytophagales	no rank, superkingdom, kingdom, clade, clade, phylum, class, order	NA	NA	NA	NA	1226	18	1425	3	30.32705455570115	0.01123595505617977	20.035917571898164	NA	n
790	Cytophagales	order	2	1	NA	NA	cellular organisms, Bacteria, Pseudomonadati, FCB group, Bacteroidota/Chlorobiota group, Bacteroidota, Cytophagia, Cytophagales	no rank, superkingdom, kingdom, clade, clade, phylum, class, order	NA	NA	NA	NA	1846	629	1675	259	35.029808411850155	4.798713452108602	23.66291991606018	4.442155154044943	n
791	Bacteria	superkingdom	226	1	NA	NA	cellular organisms, Bacteria	no rank, superkingdom	NA	NA	NA	NA	389	28	1024	13	16.9164256595502	1.3627048240640862	7.867771252770715	0.11473444669136332	n
792	Bacteria	superkingdom	14	1	NA	NA	cellular organisms, Bacteria	no rank, superkingdom	NA	NA	NA	NA	377	11	912	4	15.091203405486956	0.01818181818181818	7.672848722274465	0.2314804318207925	n
793	Bacteria	superkingdom	13	1	NA	NA	cellular organisms, Bacteria	no rank, superkingdom	NA	NA	NA	NA	340	5	794	4	13.412037205875276	0.06116763565891472	7.355725660732892	0.021904849221512288	n
794	Epsilonproteobacteria	class	6	1	Campylobacterales	0.833333333333333	cellular organisms, Bacteria, Pseudomonadati, Campylobacterota, Epsilonproteobacteria	no rank, superkingdom, kingdom, phylum, class	NA	NA	NA	NA	729	406	997	221	18.98152248916375	5.65075148099303	9.719832770419739	3.0572846781314102	n
795	Helicobacter	genus	2	1	NA	NA	cellular organisms, Bacteria, Pseudomonadati, Campylobacterota, Epsilonproteobacteria, Campylobacterales, Helicobacteraceae, Helicobacter	no rank, superkingdom, kingdom, phylum, class, order, family, genus	NA	NA	NA	NA	1091	374	1120	160	23.969582682487015	5.068565111100814	11.623045561794024	2.1908472820387463	n
796	Epsilonproteobacteria	class	4	1	Campylobacterales	0.75	cellular organisms, Bacteria, Pseudomonadati, Campylobacterota, Epsilonproteobacteria	no rank, superkingdom, kingdom, phylum, class	NA	NA	NA	NA	944	218	1136	143	18.820836288882095	NA	10.996084319761176	1.0777678797863866	n
797	Epsilonproteobacteria	class	2	1	NA	NA	cellular organisms, Bacteria, Pseudomonadati, Campylobacterota, Epsilonproteobacteria	no rank, superkingdom, kingdom, phylum, class	NA	NA	NA	NA	1271	328	1292	165	26.02027025435897	7.199433965476874	13.071578454725588	2.2445598785566383	n
798	Campylobacterales	order	2	1	NA	NA	cellular organisms, Bacteria, Pseudomonadati, Campylobacterota, Epsilonproteobacteria, Campylobacterales	no rank, superkingdom, kingdom, phylum, class, order	NA	NA	NA	NA	1195	252	1286	156	18.378402047111116	NA	12.007253418042538	1.3627596817832885	n
799	Bacteria	superkingdom	7	1	NA	NA	cellular organisms, Bacteria	no rank, superkingdom	NA	NA	NA	NA	269	20	659	18	9.66639089124338	0.09785470742208092	6.697831105584171	0.31369179965968447	n
800	Fusobacteriales	order	2	1	NA	NA	cellular organisms, Bacteria, Fusobacteriati, Fusobacteriota, Fusobacteriia, Fusobacteriales	no rank, superkingdom, kingdom, phylum, class, order	NA	NA	NA	NA	617	353	851	198	12.606543305989804	2.9756113378457965	9.081352425729309	2.61581213850027	n
801	Mycoplasmatota	phylum	5	1	NA	NA	cellular organisms, Bacteria, Bacillati, Mycoplasmatota	no rank, superkingdom, kingdom, phylum	NA	NA	NA	NA	234	42	466	12	7.094000353935979	0.6905143583639998	6.921382680612955	1.8767770939106976	n
802	Mycoplasmatota	phylum	4	1	NA	NA	cellular organisms, Bacteria, Bacillati, Mycoplasmatota	no rank, superkingdom, kingdom, phylum	NA	NA	NA	NA	262	39	446	11	7.4688081071561285	0.5418221033911732	7.171432595506085	0.42351216805778513	n
803	Mycoplasmatota	phylum	3	1	NA	NA	cellular organisms, Bacteria, Bacillati, Mycoplasmatota	no rank, superkingdom, kingdom, phylum	NA	NA	NA	NA	278	33	430	10	7.498194080963164	0.05262194336051861	7.524525268787402	0.2103797088851502	n
804	Mycoplasmoides	genus	2	1	NA	NA	cellular organisms, Bacteria, Bacillati, Mycoplasmatota, Mycoplasmoidales, Mycoplasmoidaceae, Mycoplasmoides	no rank, superkingdom, kingdom, phylum, order, family, genus	NA	NA	NA	NA	460	188	488	77	8.554052380451106	1.1148101781959185	10.639328482484055	2.6486226912841424	n
805	Bacteria	superkingdom	212	1	NA	NA	cellular organisms, Bacteria	no rank, superkingdom	NA	NA	NA	NA	478	91	1140	119	22.956520424852087	6.040094765301888	8.485065966529593	0.992959527270156	n
806	Pseudomonadati	kingdom	98	1	Bacteria, Pseudomonadati	1, 1	cellular organisms, Bacteria, Pseudomonadati	no rank, superkingdom, kingdom	NA	NA	NA	NA	588	113	1226	94	24.942649175739334	2.17429649645437	8.573725472960335	0.14638603264091318	n
807	Pseudomonadati	kingdom	20	1	NA	NA	cellular organisms, Bacteria, Pseudomonadati	no rank, superkingdom, kingdom	NA	NA	NA	NA	720	136	1253	84	25.679513401471624	1.2587906555204513	9.527564458602637	0.6595635741495854	n
808	Pseudomonadati	kingdom	8	1	NA	NA	cellular organisms, Bacteria, Pseudomonadati	no rank, superkingdom, kingdom	NA	NA	NA	NA	747	33	1262	28	25.35324954757168	0.1633700433514104	9.618518807997722	0.5365572491958566	n
809	Pseudomonadati	kingdom	2	1	NA	NA	cellular organisms, Bacteria, Pseudomonadati	no rank, superkingdom, kingdom	NA	NA	NA	NA	1056	314	1399	146	29.400479373071818	4.04722982550014	12.708294198050426	1.9626489052007918	n
810	Pseudomonadati	kingdom	6	1	NA	NA	cellular organisms, Bacteria, Pseudomonadati	no rank, superkingdom, kingdom	NA	NA	NA	NA	754	20	1249	14	24.251791286849954	NA	10.035065769826405	0.7987494474754074	n
811	Pseudomonadati	kingdom	2	1	NA	NA	cellular organisms, Bacteria, Pseudomonadati	no rank, superkingdom, kingdom	NA	NA	NA	NA	846	108	1314	85	22.841375970068107	NA	11.277919116472898	1.4916586787731168	n
812	Pseudomonadati	kingdom	4	1	Aquificota, Aquificia	0.75, 0.75	cellular organisms, Bacteria, Pseudomonadati	no rank, superkingdom, kingdom	NA	NA	NA	NA	835	108	1251	36	25.402210459472553	1.1504191726225996	10.475393811107876	0.6750855299941418	n
813	Aquificia	class	3	1	NA	NA	cellular organisms, Bacteria, Pseudomonadati, Aquificota, Aquificia	no rank, superkingdom, kingdom, phylum, class	NA	NA	NA	NA	877	103	1210	43	25.735366913704805	0.7518270034373719	10.446529143606577	0.36156175637259574	n
814	Aquificales	order	2	1	NA	NA	cellular organisms, Bacteria, Pseudomonadati, Aquificota, Aquificia, Aquificales	no rank, superkingdom, kingdom, phylum, class, order	NA	NA	NA	NA	1124	295	1264	104	27.46331713982063	1.9864727260786237	12.11513472102563	2.0028346893553413	n
815	Pseudomonadati	kingdom	12	1	Thermodesulfobacteriota	0.916666666666667	cellular organisms, Bacteria, Pseudomonadati	no rank, superkingdom, kingdom	NA	NA	NA	NA	830	121	1308	73	26.2818653505972	0.6668689410790106	9.798646253494312	0.35985431612956453	n
816	Thermodesulfobacteriota	phylum	11	1	NA	NA	cellular organisms, Bacteria, Pseudomonadati, Thermodesulfobacteriota	no rank, superkingdom, kingdom, phylum	NA	NA	NA	NA	970	159	1415	117	26.2430556514812	0.5007805448588369	10.41826156423694	1.287920267977556	n
817	Thermodesulfobacteriota	phylum	10	1	NA	NA	cellular organisms, Bacteria, Pseudomonadati, Thermodesulfobacteriota	no rank, superkingdom, kingdom, phylum	NA	NA	NA	NA	1093	149	1517	114	25.531859385230092	NA	10.503671617540396	0.8867400041797688	n
818	Desulfuromonadia	class	2	1	NA	NA	cellular organisms, Bacteria, Pseudomonadati, Thermodesulfobacteriota, Desulfuromonadia	no rank, superkingdom, kingdom, phylum, class	NA	NA	NA	NA	1849	801	1770	287	24.813776019498487	NA	16.866002851512583	5.191362725392946	n
819	Thermodesulfobacteriota	phylum	8	1	NA	NA	cellular organisms, Bacteria, Pseudomonadati, Thermodesulfobacteriota	no rank, superkingdom, kingdom, phylum	NA	NA	NA	NA	1163	115	1552	70	25.531859385230092	NA	10.224617024502693	0.6209009720854152	n
820	Thermodesulfobacteriota	phylum	2	1	NA	NA	cellular organisms, Bacteria, Pseudomonadati, Thermodesulfobacteriota	no rank, superkingdom, kingdom, phylum	NA	NA	NA	NA	1617	493	1745	217	23.786933533540292	NA	12.764040880942744	3.3161287192985767	n
821	Thermodesulfobacteriota	phylum	6	1	NA	NA	cellular organisms, Bacteria, Pseudomonadati, Thermodesulfobacteriota	no rank, superkingdom, kingdom, phylum	NA	NA	NA	NA	1198	67	1571	38	27.27087270763102	1.7390133224009297	10.126125613073114	0.9305672057379162	n
822	Thermodesulfobacteriota	phylum	2	1	NA	NA	cellular organisms, Bacteria, Pseudomonadati, Thermodesulfobacteriota	no rank, superkingdom, kingdom, phylum	NA	NA	NA	NA	1516	371	1635	126	30.500285844127564	4.073036618277917	11.862929662262847	0.9474093184300368	n
823	Thermodesulfobacteriota	phylum	4	1	Desulfovibrionia, Desulfovibrionales	0.75, 0.75	cellular organisms, Bacteria, Pseudomonadati, Thermodesulfobacteriota	no rank, superkingdom, kingdom, phylum	NA	NA	NA	NA	1353	180	1607	59	28.90248717237506	1.7044113996099386	12.366363253423865	1.6138194232956191	n
824	Desulfovibrionales	order	3	1	NA	NA	cellular organisms, Bacteria, Pseudomonadati, Thermodesulfobacteriota, Desulfovibrionia, Desulfovibrionales	no rank, superkingdom, kingdom, phylum, class, order	NA	NA	NA	NA	1602	335	1618	95	30.312953747235927	1.8029438131482187	12.691786323282539	1.1122613844335367	n
825	Desulfovibrionales	order	2	1	NA	NA	cellular organisms, Bacteria, Pseudomonadati, Thermodesulfobacteriota, Desulfovibrionia, Desulfovibrionales	no rank, superkingdom, kingdom, phylum, class, order	NA	NA	NA	NA	1734	178	1650	81	30.742118711483442	0.8403277394467353	14.078483068691433	2.1025169046784584	n
826	Pseudomonadati	kingdom	78	1	Bacteria, Pseudomonadati, Pseudomonadota	1, 1, 0.896103896103896	cellular organisms, Bacteria, Pseudomonadati	no rank, superkingdom, kingdom	NA	NA	NA	NA	662	82	1317	101	28.575525803330287	3.6419675366818622	10.07713141701632	1.700732152848761	n
827	Pseudomonadati	kingdom	8	1	NA	NA	cellular organisms, Bacteria, Pseudomonadati	no rank, superkingdom, kingdom	NA	NA	NA	NA	934	283	1565	251	34.75950315363596	6.1955448981513745	13.148038799877488	2.3918259546833953	n
828	Pseudomonadati	kingdom	3	1	NA	NA	cellular organisms, Bacteria, Pseudomonadati	no rank, superkingdom, kingdom	NA	NA	NA	NA	1153	241	1646	112	37.03207303523621	2.375414565985632	13.68930038099568	0.7882030550801875	n
829	Terriglobia	class	2	1	NA	NA	cellular organisms, Bacteria, Pseudomonadati, Acidobacteriota, Terriglobia	no rank, superkingdom, kingdom, phylum, class	NA	NA	NA	NA	1944	825	1899	292	42.505204239514526	5.813399366170575	17.987167468696004	4.836961075780379	n
830	Myxococcota	phylum	5	1	NA	NA	cellular organisms, Bacteria, Pseudomonadati, Myxococcota	no rank, superkingdom, kingdom, phylum	NA	NA	NA	NA	1364	463	1769	231	37.37741066099693	3.2416691386970613	16.59352453689576	3.1147567218598575	n
831	Polyangia	subclass	2	1	NA	NA	cellular organisms, Bacteria, Pseudomonadati, Myxococcota, Polyangia	no rank, superkingdom, kingdom, phylum, subclass	NA	NA	NA	NA	2305	984	2039	308	44.31913463951947	7.466524012124754	23.930041708211185	8.114492841812254	n
832	Cystobacterineae	suborder	3	1	NA	NA	cellular organisms, Bacteria, Pseudomonadati, Myxococcota, Myxococcia, Myxococcales, Cystobacterineae	no rank, superkingdom, kingdom, phylum, class, order, suborder	NA	NA	NA	NA	1985	625	1939	180	40.00152796698382	2.6852284170980054	22.065419654777333	5.920594988174477	n
833	Cystobacterineae	suborder	2	1	NA	NA	cellular organisms, Bacteria, Pseudomonadati, Myxococcota, Myxococcia, Myxococcales, Cystobacterineae	no rank, superkingdom, kingdom, phylum, class, order, suborder	NA	NA	NA	NA	4002	2055	2374	467	49.6267791671574	9.878001381279027	33.96452521060894	13.003085756050845	n
834	Pseudomonadota	phylum	70	1	Bacteria, Pseudomonadati, Pseudomonadota	1, 1, 1	cellular organisms, Bacteria, Pseudomonadati, Pseudomonadota	no rank, superkingdom, kingdom, phylum	NA	NA	NA	NA	706	77	1338	47	28.63315793531905	0.48603939916271127	10.542413316253116	0.7943534192100696	n
835	Alphaproteobacteria	class	24	1	NA	NA	cellular organisms, Bacteria, Pseudomonadati, Pseudomonadota, Alphaproteobacteria	no rank, superkingdom, kingdom, phylum, class	NA	NA	NA	NA	745	95	1310	29	27.81528125407867	0.098410210479176	10.672793892257284	1.1328883945357608	n
836	Alphaproteobacteria	class	4	1	Rickettsiales	0.75	cellular organisms, Bacteria, Pseudomonadati, Pseudomonadota, Alphaproteobacteria	no rank, superkingdom, kingdom, phylum, class	NA	NA	NA	NA	634	18	1064	3	24.63713359338046	0	12.056054490466959	2.6164905307428863	n
837	Rickettsiales	order	3	1	NA	NA	cellular organisms, Bacteria, Pseudomonadati, Pseudomonadota, Alphaproteobacteria, Rickettsiales	no rank, superkingdom, kingdom, phylum, class, order	NA	NA	NA	NA	589	67	862	22	16.792493590474443	0.12320386968274293	12.489690268547697	1.9259393359741708	n
838	Rickettsiales	order	2	1	NA	NA	cellular organisms, Bacteria, Pseudomonadati, Pseudomonadota, Alphaproteobacteria, Rickettsiales	no rank, superkingdom, kingdom, phylum, class, order	NA	NA	NA	NA	624	83	847	51	15.320901635486928	0.4111826297200819	11.924834656439293	0.3005652583323111	n
839	Alphaproteobacteria	class	20	1	NA	NA	cellular organisms, Bacteria, Pseudomonadati, Pseudomonadota, Alphaproteobacteria	no rank, superkingdom, kingdom, phylum, class	NA	NA	NA	NA	974	232	1453	145	29.731011153375373	1.9507118324493662	13.656387748255629	3.214603512262994	n
840	Alphaproteobacteria	class	2	1	NA	NA	cellular organisms, Bacteria, Pseudomonadati, Pseudomonadota, Alphaproteobacteria	no rank, superkingdom, kingdom, phylum, class	NA	NA	NA	NA	1227	256	1562	117	32.197079834482984	2.466068681107611	15.300685685463014	1.7723942575782283	n
841	Alphaproteobacteria	class	18	1	NA	NA	cellular organisms, Bacteria, Pseudomonadati, Pseudomonadota, Alphaproteobacteria	no rank, superkingdom, kingdom, phylum, class	NA	NA	NA	NA	1202	235	1614	163	29.532843527542546	NA	17.085953498604812	2.9865388803542317	n
842	Sphingomonadales	order	2	1	NA	NA	cellular organisms, Bacteria, Pseudomonadati, Pseudomonadota, Alphaproteobacteria, Sphingomonadales	no rank, superkingdom, kingdom, phylum, class, order	NA	NA	NA	NA	1721	539	1762	183	26.70890685086753	NA	20.395578557773938	4.0662129552652235	n
843	Alphaproteobacteria	class	16	1	NA	NA	cellular organisms, Bacteria, Pseudomonadati, Pseudomonadota, Alphaproteobacteria	no rank, superkingdom, kingdom, phylum, class	NA	NA	NA	NA	1326	134	1701	98	33.48941471425154	3.9565711867089925	18.487152556825592	0.551979920618676	n
844	Alphaproteobacteria	class	5	1	NA	NA	cellular organisms, Bacteria, Pseudomonadati, Pseudomonadota, Alphaproteobacteria	no rank, superkingdom, kingdom, phylum, class	NA	NA	NA	NA	1398	95	1732	53	34.543039636677754	1.141366603147292	19.293512254828208	1.5347607520240012	n
845	Alphaproteobacteria	class	4	1	NA	NA	cellular organisms, Bacteria, Pseudomonadati, Pseudomonadota, Alphaproteobacteria	no rank, superkingdom, kingdom, phylum, class	NA	NA	NA	NA	1502	154	1760	80	35.33449483450574	0.93650430288857	19.092161731744635	0.7979076285525525	n
846	Alphaproteobacteria	class	3	1	NA	NA	cellular organisms, Bacteria, Pseudomonadati, Pseudomonadota, Alphaproteobacteria	no rank, superkingdom, kingdom, phylum, class	NA	NA	NA	NA	1619	176	1813	91	36.79575376618851	1.609430966210125	20.723547439693437	2.1279400132484882	n
847	Alphaproteobacteria	class	2	1	NA	NA	cellular organisms, Bacteria, Pseudomonadati, Pseudomonadota, Alphaproteobacteria	no rank, superkingdom, kingdom, phylum, class	NA	NA	NA	NA	1817	242	1865	96	38.5199457251203	2.026252617635531	22.0929705668416	1.1476266283946868	n
848	Hyphomicrobiales	order	11	1	NA	NA	cellular organisms, Bacteria, Pseudomonadati, Pseudomonadota, Alphaproteobacteria, Hyphomicrobiales	no rank, superkingdom, kingdom, phylum, class, order	NA	NA	NA	NA	1501	181	1793	103	36.26364787234645	2.7742331580949124	23.970137863650898	4.758226209668655	n
849	Hyphomicrobiales	order	10	1	NA	NA	cellular organisms, Bacteria, Pseudomonadati, Pseudomonadota, Alphaproteobacteria, Hyphomicrobiales	no rank, superkingdom, kingdom, phylum, class, order	NA	NA	NA	NA	1646	190	1869	113	37.9909905805696	1.8295411008967286	24.32630713630383	1.1899379240459087	n
850	Hyphomicrobiales	order	9	1	NA	NA	cellular organisms, Bacteria, Pseudomonadati, Pseudomonadota, Alphaproteobacteria, Hyphomicrobiales	no rank, superkingdom, kingdom, phylum, class, order	NA	NA	NA	NA	1796	179	1938	85	40.11142628621632	2.2544792112770047	24.471735478412874	0.8858405872065677	n
851	Hyphomicrobiales	order	4	1	NA	NA	cellular organisms, Bacteria, Pseudomonadati, Pseudomonadota, Alphaproteobacteria, Hyphomicrobiales	no rank, superkingdom, kingdom, phylum, class, order	NA	NA	NA	NA	2024	302	1991	104	40.7160857894429	1.5038787239863525	20.97193807941788	0.3216776573106676	n
852	Hyphomicrobiales	order	3	1	NA	NA	cellular organisms, Bacteria, Pseudomonadati, Pseudomonadota, Alphaproteobacteria, Hyphomicrobiales	no rank, superkingdom, kingdom, phylum, class, order	NA	NA	NA	NA	1871	5	1865	2	38.88622462381341	0.01052631578947369	19.456518875209543	NA	n
853	Hyphomicrobiales	order	2	1	NA	NA	cellular organisms, Bacteria, Pseudomonadati, Pseudomonadota, Alphaproteobacteria, Hyphomicrobiales	no rank, superkingdom, kingdom, phylum, class, order	NA	NA	NA	NA	1721	25	1727	18	35.740183116628806	0.10731085486303685	18.753681562148994	NA	n
854	Hyphomicrobiales	order	5	1	NA	NA	cellular organisms, Bacteria, Pseudomonadati, Pseudomonadota, Alphaproteobacteria, Hyphomicrobiales	no rank, superkingdom, kingdom, phylum, class, order	NA	NA	NA	NA	1958	184	2009	86	42.2519912340956	2.1829697341042915	25.18907908132408	0.5655032415292067	n
855	Hyphomicrobiales	order	2	1	NA	NA	cellular organisms, Bacteria, Pseudomonadati, Pseudomonadota, Alphaproteobacteria, Hyphomicrobiales	no rank, superkingdom, kingdom, phylum, class, order	NA	NA	NA	NA	2324	387	2135	132	44.33520950053896	2.2529312344130434	26.64455248808006	2.2703278357251317	n
856	Hyphomicrobiales	order	3	1	NA	NA	cellular organisms, Bacteria, Pseudomonadati, Pseudomonadota, Alphaproteobacteria, Hyphomicrobiales	no rank, superkingdom, kingdom, phylum, class, order	NA	NA	NA	NA	2056	132	2033	62	43.207970204882955	1.1570394833911168	27.876761944117117	3.5047458823649134	n
857	Hyphomicrobiales	order	2	1	NA	NA	cellular organisms, Bacteria, Pseudomonadati, Pseudomonadota, Alphaproteobacteria, Hyphomicrobiales	no rank, superkingdom, kingdom, phylum, class, order	NA	NA	NA	NA	2114	224	2001	62	41.92334849004546	0.4050270805600115	26.68196117486682	0.9645307963607271	n
858	Pseudomonadota	phylum	46	1	Bacteria, Pseudomonadati, Pseudomonadota	1, 1, 1	cellular organisms, Bacteria, Pseudomonadati, Pseudomonadota	no rank, superkingdom, kingdom, phylum	NA	NA	NA	NA	861	162	1413	92	29.470064378705324	1.1262570710471325	12.145100127126508	1.8711514673505327	n
859	Pseudomonadota	phylum	45	1	Bacteria, Pseudomonadati, Pseudomonadota	1, 1, 1	cellular organisms, Bacteria, Pseudomonadati, Pseudomonadota	no rank, superkingdom, kingdom, phylum	NA	NA	NA	NA	1010	175	1488	99	30.29712957936153	1.0389760620053239	13.30057764153395	0.7433667850935275	n
860	Pseudomonadota	phylum	44	1	Bacteria, Pseudomonadati, Pseudomonadota	1, 1, 1	cellular organisms, Bacteria, Pseudomonadati, Pseudomonadota	no rank, superkingdom, kingdom, phylum	NA	NA	NA	NA	1105	113	1548	84	31.230580553883883	1.2642048955023264	14.618207141352759	1.7350052239189255	n
861	Betaproteobacteria	class	12	1	Bacteria, Pseudomonadati, Pseudomonadota, Betaproteobacteria	1, 1, 1, 1	cellular organisms, Bacteria, Pseudomonadati, Pseudomonadota, Betaproteobacteria	no rank, superkingdom, kingdom, phylum, class	NA	NA	NA	NA	1193	102	1582	41	31.631897025702656	0.5395419903066969	14.849812911507433	0.4248977287962935	n
862	Neisseriales	order	2	1	NA	NA	cellular organisms, Bacteria, Pseudomonadati, Pseudomonadota, Betaproteobacteria, Neisseriales	no rank, superkingdom, kingdom, phylum, class, order	NA	NA	NA	NA	1341	177	1651	92	32.91653921707817	1.339321572755795	16.43332236207509	2.081622271965912	n
863	Betaproteobacteria	class	10	1	Bacteria, Pseudomonadati, Pseudomonadota, Betaproteobacteria	1, 1, 1, 1	cellular organisms, Bacteria, Pseudomonadati, Pseudomonadota, Betaproteobacteria	no rank, superkingdom, kingdom, phylum, class	NA	NA	NA	NA	1321	134	1674	99	32.21168165483475	0.729139748118408	16.14906493208753	1.6041503616238395	n
864	Nitrosomonadales	order	4	1	NA	NA	cellular organisms, Bacteria, Pseudomonadati, Pseudomonadota, Betaproteobacteria, Nitrosomonadales	no rank, superkingdom, kingdom, phylum, class, order	NA	NA	NA	NA	1326	38	1634	11	31.729497429098373	0.30531570110658973	15.839217052188722	0.06618457304603216	n
865	Nitrosomonadales	order	2	1	NA	NA	cellular organisms, Bacteria, Pseudomonadati, Pseudomonadota, Betaproteobacteria, Nitrosomonadales	no rank, superkingdom, kingdom, phylum, class, order	NA	NA	NA	NA	1485	173	1711	98	31.924624107701867	1.324071364420158	17.04848385004601	1.1211040964180348	n
866	Nitrosomonadales	order	2	1	NA	NA	cellular organisms, Bacteria, Pseudomonadati, Pseudomonadota, Betaproteobacteria, Nitrosomonadales	no rank, superkingdom, kingdom, phylum, class, order	NA	NA	NA	NA	1458	149	1702	83	32.9415887891717	1.249379724769906	16.230184944303414	0.44118828844930524	n
867	Betaproteobacteria	class	6	1	Bacteria, Pseudomonadati, Pseudomonadota, Betaproteobacteria	1, 1, 1, 1	cellular organisms, Bacteria, Pseudomonadati, Pseudomonadota, Betaproteobacteria	no rank, superkingdom, kingdom, phylum, class	NA	NA	NA	NA	1563	252	1799	133	31.195930031758188	NA	19.16328988223089	3.006151138097703	n
868	Azospira	genus	2	1	NA	NA	cellular organisms, Bacteria, Pseudomonadati, Pseudomonadota, Betaproteobacteria, Rhodocyclales, Rhodocyclaceae, Azospira	no rank, superkingdom, kingdom, phylum, class, order, family, genus	NA	NA	NA	NA	1961	408	1943	159	30.577551685141636	NA	23.195445125879726	2.969228081464101	n
869	Burkholderiales	order	4	1	NA	NA	cellular organisms, Bacteria, Pseudomonadati, Pseudomonadota, Betaproteobacteria, Burkholderiales	no rank, superkingdom, kingdom, phylum, class, order	NA	NA	NA	NA	1850	310	1928	149	31.195930031758188	NA	21.01671571155833	2.7133401988747865	n
870	Burkholderiales	order	2	1	NA	NA	cellular organisms, Bacteria, Pseudomonadati, Pseudomonadota, Betaproteobacteria, Burkholderiales	no rank, superkingdom, kingdom, phylum, class, order	NA	NA	NA	NA	2183	353	2032	121	30.437083536140182	NA	23.439921802071964	3.2644185645560206	n
871	Burkholderiales	order	2	1	NA	NA	cellular organisms, Bacteria, Pseudomonadati, Pseudomonadota, Betaproteobacteria, Burkholderiales	no rank, superkingdom, kingdom, phylum, class, order	NA	NA	NA	NA	2453	612	2170	249	45.37018317499841	14.174253143240218	25.45777888335493	5.3719092398392965	n
872	Gammaproteobacteria	class	32	1	NA	NA	cellular organisms, Bacteria, Pseudomonadati, Pseudomonadota, Gammaproteobacteria	no rank, superkingdom, kingdom, phylum, class	NA	NA	NA	NA	1096	26	1535	13	31.211285965325633	0.4451572442835736	14.086293605073815	0.18945706550757388	n
873	Gammaproteobacteria	class	7	1	NA	NA	cellular organisms, Bacteria, Pseudomonadati, Pseudomonadota, Gammaproteobacteria	no rank, superkingdom, kingdom, phylum, class	NA	NA	NA	NA	1127	43	1533	24	30.482719313731	0.3269192779576879	13.721797660697957	0.14248269034793234	n
874	Gammaproteobacteria	class	3	1	NA	NA	cellular organisms, Bacteria, Pseudomonadati, Pseudomonadota, Gammaproteobacteria	no rank, superkingdom, kingdom, phylum, class	NA	NA	NA	NA	1164	63	1522	29	30.178705906916637	0.4035743402693108	13.92460903854934	0.2910643325512124	n
875	Lysobacterales	order	2	1	NA	NA	cellular organisms, Bacteria, Pseudomonadati, Pseudomonadota, Gammaproteobacteria, Lysobacterales	no rank, superkingdom, kingdom, phylum, class, order	NA	NA	NA	NA	1377	320	1619	170	31.030365626303706	1.3398940440150373	17.441855095790576	4.910110085601916	n
876	Gammaproteobacteria	class	4	1	NA	NA	cellular organisms, Bacteria, Pseudomonadati, Pseudomonadota, Gammaproteobacteria	no rank, superkingdom, kingdom, phylum, class	NA	NA	NA	NA	1143	34	1540	30	30.731316626043363	0.4300024548146026	14.67794155031915	0.8838220168149135	n
877	Chromatiales	order	2	1	NA	NA	cellular organisms, Bacteria, Pseudomonadati, Pseudomonadota, Gammaproteobacteria, Chromatiales	no rank, superkingdom, kingdom, phylum, class, order	NA	NA	NA	NA	1475	353	1706	192	34.31096915411064	3.7390381504585353	15.516622529390109	1.336905767236624	n
878	Gammaproteobacteria	class	2	1	NA	NA	cellular organisms, Bacteria, Pseudomonadati, Pseudomonadota, Gammaproteobacteria	no rank, superkingdom, kingdom, phylum, class	NA	NA	NA	NA	1301	188	1627	108	31.37713857536377	1.3237380717649256	15.725426158836353	1.8668516078614426	n
879	Gammaproteobacteria	class	25	1	NA	NA	cellular organisms, Bacteria, Pseudomonadati, Pseudomonadota, Gammaproteobacteria	no rank, superkingdom, kingdom, phylum, class	NA	NA	NA	NA	1027	32	1486	18	29.56390117039168	0.5614086847179082	14.77314822203856	1.29229474081051	n
880	Gammaproteobacteria	class	4	1	NA	NA	cellular organisms, Bacteria, Pseudomonadati, Pseudomonadota, Gammaproteobacteria	no rank, superkingdom, kingdom, phylum, class	NA	NA	NA	NA	880	11	1330	11	25.8609822371833	NA	13.26305004633464	0.12256686408171652	n
881	Legionellales	order	2	1	NA	NA	cellular organisms, Bacteria, Pseudomonadati, Pseudomonadota, Gammaproteobacteria, Legionellales	no rank, superkingdom, kingdom, phylum, class, order	NA	NA	NA	NA	1074	221	1395	94	28.14894540123285	2.449162566872826	15.127811884038678	2.556079999014978	n
882	Gammaproteobacteria	class	2	1	NA	NA	cellular organisms, Bacteria, Pseudomonadati, Pseudomonadota, Gammaproteobacteria	no rank, superkingdom, kingdom, phylum, class	NA	NA	NA	NA	896	69	1321	46	24.80313271133522	0.4249029519995854	13.540895733435189	0.6325816688435956	n
883	Gammaproteobacteria	class	21	1	NA	NA	cellular organisms, Bacteria, Pseudomonadati, Pseudomonadota, Gammaproteobacteria	no rank, superkingdom, kingdom, phylum, class	NA	NA	NA	NA	1201	205	1617	150	31.55770905339982	2.2693829358207847	17.594279678354013	3.0109433597831208	n
884	Gammaproteobacteria	class	7	1	NA	NA	cellular organisms, Bacteria, Pseudomonadati, Pseudomonadota, Gammaproteobacteria	no rank, superkingdom, kingdom, phylum, class	NA	NA	NA	NA	1273	83	1648	40	32.269076831947714	0.7550012284313451	18.20325954627777	1.1063979950123872	n
885	Gammaproteobacteria	class	2	1	NA	NA	cellular organisms, Bacteria, Pseudomonadati, Pseudomonadota, Gammaproteobacteria	no rank, superkingdom, kingdom, phylum, class	NA	NA	NA	NA	1314	71	1648	34	32.227777921657534	0.3696806517005052	18.146620822825987	0.5708457448963458	n
886	Gammaproteobacteria	class	5	1	NA	NA	cellular organisms, Bacteria, Pseudomonadati, Pseudomonadota, Gammaproteobacteria	no rank, superkingdom, kingdom, phylum, class	NA	NA	NA	NA	1609	344	1889	244	36.037696325465504	3.7686194935177904	21.720086990894508	3.1331992326573723	n
887	Gammaproteobacteria	class	2	1	NA	NA	cellular organisms, Bacteria, Pseudomonadati, Pseudomonadota, Gammaproteobacteria	no rank, superkingdom, kingdom, phylum, class	NA	NA	NA	NA	1965	370	2039	158	40.013940082832974	3.9931929099098418	22.91276823822062	2.1381823964690643	n
888	Gammaproteobacteria	class	3	1	NA	NA	cellular organisms, Bacteria, Pseudomonadati, Pseudomonadota, Gammaproteobacteria	no rank, superkingdom, kingdom, phylum, class	NA	NA	NA	NA	1795	196	1988	109	35.898783604862594	NA	22.070571448729325	0.34202197914743226	n
889	Gammaproteobacteria	class	2	1	NA	NA	cellular organisms, Bacteria, Pseudomonadati, Pseudomonadota, Gammaproteobacteria	no rank, superkingdom, kingdom, phylum, class	NA	NA	NA	NA	1929	158	2031	66	33.733702327022435	NA	22.67652140901988	1.4525247743806922	n
890	Gammaproteobacteria	class	14	1	NA	NA	cellular organisms, Bacteria, Pseudomonadati, Pseudomonadota, Gammaproteobacteria	no rank, superkingdom, kingdom, phylum, class	NA	NA	NA	NA	1382	209	1711	118	33.18763430757014	1.983169267489397	19.05815882179172	1.5821444398030178	n
891	Gammaproteobacteria	class	13	1	NA	NA	cellular organisms, Bacteria, Pseudomonadati, Pseudomonadota, Gammaproteobacteria	no rank, superkingdom, kingdom, phylum, class	NA	NA	NA	NA	1505	163	1811	128	33.69200326137943	0.7239538843131125	18.866950702303864	0.5812043908900526	n
892	Alteromonadales	order	2	1	NA	NA	cellular organisms, Bacteria, Pseudomonadati, Pseudomonadota, Gammaproteobacteria, Alteromonadales	no rank, superkingdom, kingdom, phylum, class, order	NA	NA	NA	NA	1826	341	1937	150	35.53652285082078	2.353087768749316	19.363633695796718	1.3877181480713359	n
893	Gammaproteobacteria	class	11	1	NA	NA	cellular organisms, Bacteria, Pseudomonadati, Pseudomonadota, Gammaproteobacteria	no rank, superkingdom, kingdom, phylum, class	NA	NA	NA	NA	1683	199	1921	128	35.20963734136339	1.669665444257825	20.159075241176815	1.338900272694994	n
894	Gammaproteobacteria	class	10	1	NA	NA	cellular organisms, Bacteria, Pseudomonadati, Pseudomonadota, Gammaproteobacteria	no rank, superkingdom, kingdom, phylum, class	NA	NA	NA	NA	1614	96	1871	63	29.569108659561483	NA	17.59678532120457	0.40068735546889406	n
895	Gammaproteobacteria	class	2	1	NA	NA	cellular organisms, Bacteria, Pseudomonadati, Pseudomonadota, Gammaproteobacteria	no rank, superkingdom, kingdom, phylum, class	NA	NA	NA	NA	1948	347	2013	148	28.91188218499431	NA	20.32450643077902	3.370120416679677	n
896	Gammaproteobacteria	class	8	1	NA	NA	cellular organisms, Bacteria, Pseudomonadati, Pseudomonadota, Gammaproteobacteria	no rank, superkingdom, kingdom, phylum, class	NA	NA	NA	NA	1460	35	1701	16	29.93162813225105	0.3625194726895677	16.128469255946555	0.34080913226668175	n
897	Gammaproteobacteria	class	7	1	Enterobacterales	0.857142857142857	cellular organisms, Bacteria, Pseudomonadati, Pseudomonadota, Gammaproteobacteria	no rank, superkingdom, kingdom, phylum, class	NA	NA	NA	NA	1355	31	1607	12	29.57815148712815	0.1969593139651279	16.037914796964383	0.39544757375113376	n
898	Enterobacterales	order	6	1	NA	NA	cellular organisms, Bacteria, Pseudomonadati, Pseudomonadota, Gammaproteobacteria, Enterobacterales	no rank, superkingdom, kingdom, phylum, class, order	NA	NA	NA	NA	1802	448	1958	351	34.11929485338467	4.541143366256526	18.35084127626631	2.9931931850787414	n
899	Enterobacterales	order	2	1	NA	NA	cellular organisms, Bacteria, Pseudomonadati, Pseudomonadota, Gammaproteobacteria, Enterobacterales	no rank, superkingdom, kingdom, phylum, class, order	NA	NA	NA	NA	2042	244	2118	161	36.03505091891991	1.947006065535234	19.556951840943483	1.6783152265003258	n
900	Enterobacterales	order	4	1	NA	NA	cellular organisms, Bacteria, Pseudomonadati, Pseudomonadota, Gammaproteobacteria, Enterobacterales	no rank, superkingdom, kingdom, phylum, class, order	NA	NA	NA	NA	2236	434	2210	252	38.706132004293615	4.586837150908942	19.77900324989305	1.8299957605382244	n
901	Enterobacterales	order	3	1	NA	NA	cellular organisms, Bacteria, Pseudomonadati, Pseudomonadota, Gammaproteobacteria, Enterobacterales	no rank, superkingdom, kingdom, phylum, class, order	NA	NA	NA	NA	2501	272	2371	165	40.546565046645384	2.099380021378606	20.475595943538263	1.7215732214001336	n
902	Enterobacteriaceae	family	2	1	NA	NA	cellular organisms, Bacteria, Pseudomonadati, Pseudomonadota, Gammaproteobacteria, Enterobacterales, Enterobacteriaceae	no rank, superkingdom, kingdom, phylum, class, order, family	NA	NA	NA	NA	2995	525	2619	267	44.24443833629124	4.035347576588224	22.247191180940806	3.2353797847224044	n
903	Bacteria	superkingdom	114	1	Bacillati	0.901785714285714	cellular organisms, Bacteria	no rank, superkingdom	NA	NA	NA	NA	495	55	1173	51	24.65749982384601	1.893247949157207	9.114491072134314	0.6644517002366911	n
904	Bacteria	superkingdom	46	1	Bacteria, Bacillati, Bacillota	1, 0.844444444444444, 0.844444444444444	cellular organisms, Bacteria	no rank, superkingdom	NA	NA	NA	NA	587	102	1235	103	26.59328900986056	2.106117485000097	10.938496447612918	0.976191505054658	n
905	Bacteria	superkingdom	7	1	NA	NA	cellular organisms, Bacteria	no rank, superkingdom	NA	NA	NA	NA	644	92	1191	46	26.486587066772472	0.6180759376362599	11.440461884234814	0.994053887081554	n
906	Bacteria	superkingdom	6	1	NA	NA	cellular organisms, Bacteria	no rank, superkingdom	NA	NA	NA	NA	681	80	1130	35	24.87343639302981	0.33962113114747683	11.182892267117749	0.5220560949108988	n
907	Bacteria	superkingdom	5	1	Thermotogati, Thermotogota, Thermotogae	0.8, 0.8, 0.8	cellular organisms, Bacteria	no rank, superkingdom	NA	NA	NA	NA	722	94	1101	40	22.827144412795864	1.0245528319743904	11.34159393685217	0.5963138209800385	n
908	Thermotogae	class	4	1	NA	NA	cellular organisms, Bacteria, Thermotogati, Thermotogota, Thermotogae	no rank, superkingdom, kingdom, phylum, class	NA	NA	NA	NA	957	292	1177	111	23.631969767410485	1.0964247712233044	12.698810490443334	1.8069451659434295	n
909	Thermotogae	class	2	1	NA	NA	cellular organisms, Bacteria, Thermotogati, Thermotogota, Thermotogae	no rank, superkingdom, kingdom, phylum, class	NA	NA	NA	NA	1179	231	1262	91	25.64655766907491	2.257146220538531	13.571273958912652	0.8041568036131485	n
910	Thermotogales	order	2	1	NA	NA	cellular organisms, Bacteria, Thermotogati, Thermotogota, Thermotogae, Thermotogales	no rank, superkingdom, kingdom, phylum, class, order	NA	NA	NA	NA	1175	224	1254	90	24.304176537754525	0.9066631220097006	13.448381138946427	1.154337208581135	n
911	Bacillota	phylum	39	1	Bacteria, Bacillati, Bacillota	1, 1, 1	cellular organisms, Bacteria, Bacillati, Bacillota	no rank, superkingdom, kingdom, phylum	NA	NA	NA	NA	805	226	1380	161	27.44550465674658	1.1670632882271137	11.222097352879455	0.2997980349302879	n
912	Bacillota	phylum	17	1	Bacteria, Bacillati, Bacillota, Bacilli	1, 1, 1, 0.875	cellular organisms, Bacteria, Bacillati, Bacillota	no rank, superkingdom, kingdom, phylum	NA	NA	NA	NA	967	170	1481	117	31.670876375603303	4.342010652416392	13.645653892632808	3.0382867900210146	n
913	Eubacteriales	order	2	1	NA	NA	cellular organisms, Bacteria, Bacillati, Bacillota, Clostridia, Eubacteriales	no rank, superkingdom, kingdom, phylum, class, order	NA	NA	NA	NA	1210	258	1560	90	34.3526145200792	2.7757608126290014	15.424658345004438	2.193495501624657	n
914	Bacilli	class	15	1	Bacteria, Bacillati, Bacillota, Bacilli	1, 1, 1, 1	cellular organisms, Bacteria, Bacillati, Bacillota, Bacilli	no rank, superkingdom, kingdom, phylum, class	NA	NA	NA	NA	1234	274	1618	147	33.32881867605591	1.7255552074429197	18.879749088313392	4.196365088191223	n
915	Bacilli	class	14	1	Bacteria, Bacillati, Bacillota, Bacilli	1, 1, 1, 1	cellular organisms, Bacteria, Bacillati, Bacillota, Bacilli	no rank, superkingdom, kingdom, phylum, class	NA	NA	NA	NA	1581	360	1788	191	32.69381092169725	NA	20.471957561551047	2.009587591355354	n
916	Bacilli	class	13	1	Bacteria, Bacillati, Bacillota, Bacilli	1, 1, 1, 1	cellular organisms, Bacteria, Bacillati, Bacillota, Bacilli	no rank, superkingdom, kingdom, phylum, class	NA	NA	NA	NA	1593	172	1751	87	26.824191181298318	NA	18.040526120007435	1.0627340878269824	n
917	Bacilli	class	12	1	Bacteria, Bacillati, Bacillota, Bacilli	1, 1, 1, 1	cellular organisms, Bacteria, Bacillati, Bacillota, Bacilli	no rank, superkingdom, kingdom, phylum, class	NA	NA	NA	NA	1582	105	1725	71	31.126279162125723	4.302087980827405	17.196202853905316	0.7964349675422167	n
918	Bacilli	class	11	1	Bacteria, Bacillati, Bacillota, Bacilli	1, 1, 1, 1	cellular organisms, Bacteria, Bacillati, Bacillota, Bacilli	no rank, superkingdom, kingdom, phylum, class	NA	NA	NA	NA	1582	67	1719	44	32.071656281442095	0.9453771193163717	17.466171241951187	0.3334769689449309	n
919	Bacillaceae	family	2	1	NA	NA	cellular organisms, Bacteria, Bacillati, Bacillota, Bacilli, Bacillales, Bacillaceae	no rank, superkingdom, kingdom, phylum, class, order, family	NA	NA	NA	NA	2438	864	2141	428	37.82127526623021	5.749618984788117	19.117918552718432	1.9892283456274111	n
920	Bacilli	class	9	1	Bacteria, Bacillati, Bacillota, Bacilli	1, 1, 1, 1	cellular organisms, Bacteria, Bacillati, Bacillota, Bacilli	no rank, superkingdom, kingdom, phylum, class	NA	NA	NA	NA	1456	15	1638	11	30.88255625913978	0.13002773380571891	17.06594662320742	0.1505290367732799	n
921	Bacillales	order	3	1	NA	NA	cellular organisms, Bacteria, Bacillati, Bacillota, Bacilli, Bacillales	no rank, superkingdom, kingdom, phylum, class, order	NA	NA	NA	NA	1486	66	1658	45	30.661590662635717	0.3863311852483505	17.255161914738206	0.41194203947607694	n
922	Staphylococcaceae	family	2	1	NA	NA	cellular organisms, Bacteria, Bacillati, Bacillota, Bacilli, Bacillales, Staphylococcaceae	no rank, superkingdom, kingdom, phylum, class, order, family	NA	NA	NA	NA	1571	233	1644	100	30.459730761322973	1.021849732935587	16.685602149769025	0.7053636374813176	n
923	Bacilli	class	6	1	Bacteria, Bacillati, Bacillota, Bacilli	1, 1, 1, 1	cellular organisms, Bacteria, Bacillati, Bacillota, Bacilli	no rank, superkingdom, kingdom, phylum, class	NA	NA	NA	NA	1331	64	1529	39	28.23016093804123	0.39397770109486707	14.801135008296322	0.8957607696177887	n
924	Lactobacillales	order	5	1	Bacteria, Bacillati, Bacillota, Bacilli, Lactobacillales	1, 1, 1, 1, 1	cellular organisms, Bacteria, Bacillati, Bacillota, Bacilli, Lactobacillales	no rank, superkingdom, kingdom, phylum, class, order	NA	NA	NA	NA	1020	45	1257	19	22.614064649829928	0.1606963880451897	13.34435412146961	0.13918385851714166	n
925	Lactobacillales	order	4	1	NA	NA	cellular organisms, Bacteria, Bacillati, Bacillota, Bacilli, Lactobacillales	no rank, superkingdom, kingdom, phylum, class, order	NA	NA	NA	NA	1010	38	1222	16	21.750286438069413	0.2271266515815136	12.628265624978546	0.06990446303926998	n
926	Lactobacillales	order	2	1	NA	NA	cellular organisms, Bacteria, Bacillati, Bacillota, Bacilli, Lactobacillales	no rank, superkingdom, kingdom, phylum, class, order	NA	NA	NA	NA	1160	157	1323	109	22.855008113948017	1.134133440584486	13.910121780251304	1.4540913913031	n
927	Lactobacillaceae	family	2	1	NA	NA	cellular organisms, Bacteria, Bacillati, Bacillota, Bacilli, Lactobacillales, Lactobacillaceae	no rank, superkingdom, kingdom, phylum, class, order, family	NA	NA	NA	NA	1075	106	1223	43	21.12049746012274	0.3252585500771753	12.95412419985089	0.5928151113268085	n
928	Bacillota	phylum	22	1	NA	NA	cellular organisms, Bacteria, Bacillati, Bacillota	no rank, superkingdom, kingdom, phylum	NA	NA	NA	NA	876	80	1430	76	26.8651799550536	0.39073377828148514	11.234336368240069	0.033007943896308664	n
929	Bacillota	phylum	5	1	NA	NA	cellular organisms, Bacteria, Bacillati, Bacillota	no rank, superkingdom, kingdom, phylum	NA	NA	NA	NA	903	46	1420	23	25.50225932029587	0.10516693965721882	9.943775977109393	0.018329735943777493	n
930	Negativicutes	class	2	1	NA	NA	cellular organisms, Bacteria, Bacillati, Bacillota, Negativicutes	no rank, superkingdom, kingdom, phylum, class	NA	NA	NA	NA	1094	303	1448	128	26.81966096730057	1.771456395096444	11.155176973017296	1.9836236595900592	n
931	Eubacteriales	order	3	1	NA	NA	cellular organisms, Bacteria, Bacillati, Bacillota, Clostridia, Eubacteriales	no rank, superkingdom, kingdom, phylum, class, order	NA	NA	NA	NA	1050	164	1479	94	23.84957643090449	NA	10.288915459172706	0.7979499586234383	n
932	Eubacteriales	order	2	1	NA	NA	cellular organisms, Bacteria, Bacillati, Bacillota, Clostridia, Eubacteriales	no rank, superkingdom, kingdom, phylum, class, order	NA	NA	NA	NA	1363	322	1612	152	23.254268960010005	NA	12.05116975624013	1.4031060418252532	n
933	Bacillota	phylum	17	1	Clostridia	0.823529411764706	cellular organisms, Bacteria, Bacillati, Bacillota	no rank, superkingdom, kingdom, phylum	NA	NA	NA	NA	979	121	1473	69	26.71418182329353	0.5865598287537785	10.86815071096408	0.20551043833197022	n
934	Clostridia	class	3	1	NA	NA	cellular organisms, Bacteria, Bacillati, Bacillota, Clostridia	no rank, superkingdom, kingdom, phylum, class	NA	NA	NA	NA	1064	105	1504	57	26.816082879542712	0.44154060546052576	11.29604103443012	0.5193710191708723	n
935	Halanaerobiales	order	2	1	NA	NA	cellular organisms, Bacteria, Bacillati, Bacillota, Clostridia, Halanaerobiales	no rank, superkingdom, kingdom, phylum, class, order	NA	NA	NA	NA	1333	311	1616	168	28.100639650160332	1.9748350332896483	12.032997402726389	1.0965098121831052	n
936	Bacillota	phylum	14	1	NA	NA	cellular organisms, Bacteria, Bacillati, Bacillota	no rank, superkingdom, kingdom, phylum	NA	NA	NA	NA	1030	72	1487	50	26.04014103831587	0.11442046460901031	12.750413913596619	1.444046860829382	n
937	Thermosediminibacterales	order	2	1	NA	NA	cellular organisms, Bacteria, Bacillati, Bacillota, Clostridia, Thermosediminibacterales	no rank, superkingdom, kingdom, phylum, class, order	NA	NA	NA	NA	1325	325	1575	131	28.81096098736613	3.1786215601004306	15.089830824010603	2.473199661788502	n
938	Bacillota	phylum	12	1	NA	NA	cellular organisms, Bacteria, Bacillati, Bacillota	no rank, superkingdom, kingdom, phylum	NA	NA	NA	NA	1080	76	1510	43	25.808677925228338	0.20414132599154516	11.648441689602993	0.3727216826324461	n
939	Bacillota	phylum	3	1	NA	NA	cellular organisms, Bacteria, Bacillati, Bacillota	no rank, superkingdom, kingdom, phylum	NA	NA	NA	NA	1153	100	1516	47	26.821097669817153	1.3105412356372068	11.576467015833652	0.5774451809429	n
940	Bacillota	phylum	2	1	NA	NA	cellular organisms, Bacteria, Bacillati, Bacillota	no rank, superkingdom, kingdom, phylum	NA	NA	NA	NA	1319	202	1544	90	27.957862496063075	1.562979120505623	11.861617159740808	0.5049581531472711	n
941	Bacillota	phylum	9	1	NA	NA	cellular organisms, Bacteria, Bacillati, Bacillota	no rank, superkingdom, kingdom, phylum	NA	NA	NA	NA	1096	89	1513	58	23.657354643826046	NA	11.813984343002284	0.3475426019552701	n
942	Clostridia	class	4	1	Eubacteriales, Oscillospiraceae	0.75, 0.75	cellular organisms, Bacteria, Bacillati, Bacillota, Clostridia	no rank, superkingdom, kingdom, phylum, class	NA	NA	NA	NA	1223	165	1557	79	21.237713831252293	NA	14.785595189538274	3.7969457623715543	n
943	Clostridia	class	3	1	NA	NA	cellular organisms, Bacteria, Bacillati, Bacillota, Clostridia	no rank, superkingdom, kingdom, phylum, class	NA	NA	NA	NA	1177	84	1503	53	22.957339035425466	1.7196252041731759	14.265258582646492	0.1018827109076136	n
944	Clostridia	class	2	1	NA	NA	cellular organisms, Bacteria, Bacillati, Bacillota, Clostridia	no rank, superkingdom, kingdom, phylum, class	NA	NA	NA	NA	1359	263	1546	103	25.869664459014285	2.9123254235888187	14.53922736923554	1.4982688275483798	n
945	Bacillota	phylum	5	1	NA	NA	cellular organisms, Bacteria, Bacillati, Bacillota	no rank, superkingdom, kingdom, phylum	NA	NA	NA	NA	1131	85	1518	59	24.55768156331863	0.9003269194925847	11.851179085021576	0.05908436296140123	n
946	Bacillota	phylum	4	1	NA	NA	cellular organisms, Bacteria, Bacillati, Bacillota	no rank, superkingdom, kingdom, phylum	NA	NA	NA	NA	1121	56	1477	27	23.21009033814492	0.3647997634756502	11.880382962800338	0.058105788005142274	n
947	Bacillota	phylum	3	1	NA	NA	cellular organisms, Bacteria, Bacillati, Bacillota	no rank, superkingdom, kingdom, phylum	NA	NA	NA	NA	1095	43	1420	20	21.79456245562844	0.115625	10.975195548189053	0.15279585211318644	n
948	Bacillota	phylum	2	1	NA	NA	cellular organisms, Bacteria, Bacillati, Bacillota	no rank, superkingdom, kingdom, phylum	NA	NA	NA	NA	961	107	1230	55	18.464562715594045	0.30486625572923925	10.444271418772624	0.35010285113132994	n
949	Bacteria	superkingdom	68	1	Bacteria, Bacillati	1, 0.940298507462687	cellular organisms, Bacteria	no rank, superkingdom	NA	NA	NA	NA	552	68	1220	71	26.887631099865825	2.4144917766677936	11.12905763585908	1.6265900324242677	n
950	Cyanophyceae	class	15	1	NA	NA	cellular organisms, Bacteria, Bacillati, Cyanobacteriota/Melainabacteria group, Cyanobacteriota, Cyanophyceae	no rank, superkingdom, kingdom, clade, phylum, class	NA	NA	NA	NA	1154	659	1492	328	30.553502562521874	4.131758111439234	14.850042711090204	4.405637747954639	y
951	Cyanophyceae	class	14	1	NA	NA	cellular organisms, Bacteria, Bacillati, Cyanobacteriota/Melainabacteria group, Cyanobacteriota, Cyanophyceae	no rank, superkingdom, kingdom, clade, phylum, class	NA	NA	NA	NA	1289	162	1530	82	29.19042804109817	NA	14.110749961592216	0.7994433208087544	n
952	Prochlorococcaceae	family	2	1	NA	NA	cellular organisms, Bacteria, Bacillati, Cyanobacteriota/Melainabacteria group, Cyanobacteriota, Cyanophyceae, Synechococcales, Prochlorococcaceae	no rank, superkingdom, kingdom, clade, phylum, class, order, family	NA	NA	NA	NA	1565	315	1480	68	26.076970851726585	NA	18.751840090968198	4.7815227691000945	n
953	Cyanophyceae	class	12	1	NA	NA	cellular organisms, Bacteria, Bacillati, Cyanobacteriota/Melainabacteria group, Cyanobacteriota, Cyanophyceae	no rank, superkingdom, kingdom, clade, phylum, class	NA	NA	NA	NA	1977	688	1837	309	34.56172481763595	5.371296776537781	20.33553004573289	5.759226951394657	y
954	Cyanophyceae	class	11	1	NA	NA	cellular organisms, Bacteria, Bacillati, Cyanobacteriota/Melainabacteria group, Cyanobacteriota, Cyanophyceae	no rank, superkingdom, kingdom, clade, phylum, class	NA	NA	NA	NA	2140	172	1905	74	34.736812246952354	0.22041021863349525	20.833109283064726	0.3936284144676719	n
955	Cyanophyceae	class	5	1	NA	NA	cellular organisms, Bacteria, Bacillati, Cyanobacteriota/Melainabacteria group, Cyanobacteriota, Cyanophyceae	no rank, superkingdom, kingdom, clade, phylum, class	NA	NA	NA	NA	2229	116	1913	31	36.03869750574789	1.3018852587955352	20.486571518825922	0.1684318501653204	n
956	Cyanophyceae	class	2	1	NA	NA	cellular organisms, Bacteria, Bacillati, Cyanobacteriota/Melainabacteria group, Cyanobacteriota, Cyanophyceae	no rank, superkingdom, kingdom, clade, phylum, class	NA	NA	NA	NA	2351	199	1936	65	37.20717983104301	1.6152916082367412	25.150054913220508	4.513313777156077	n
957	Cyanophyceae	class	3	1	NA	NA	cellular organisms, Bacteria, Bacillati, Cyanobacteriota/Melainabacteria group, Cyanobacteriota, Cyanophyceae	no rank, superkingdom, kingdom, clade, phylum, class	NA	NA	NA	NA	2380	166	1943	42	36.82668037052638	0.7879828647784892	20.883986325929186	0.801680018024798	n
958	Chroococcales	order	2	1	NA	NA	cellular organisms, Bacteria, Bacillati, Cyanobacteriota/Melainabacteria group, Cyanobacteriota, Cyanophyceae, Oscillatoriophycideae, Chroococcales	no rank, superkingdom, kingdom, clade, phylum, class, subclass, order	NA	NA	NA	NA	2598	257	1998	81	38.573311431169145	1.8543145054498378	23.527353886283517	2.8303970070502067	n
959	Cyanophyceae	class	6	1	NA	NA	cellular organisms, Bacteria, Bacillati, Cyanobacteriota/Melainabacteria group, Cyanobacteriota, Cyanophyceae	no rank, superkingdom, kingdom, clade, phylum, class	NA	NA	NA	NA	2236	105	1937	37	34.35683980377845	NA	21.291065206287968	0.7117824450613219	n
960	Cyanophyceae	class	2	1	NA	NA	cellular organisms, Bacteria, Bacillati, Cyanobacteriota/Melainabacteria group, Cyanobacteriota, Cyanophyceae	no rank, superkingdom, kingdom, clade, phylum, class	NA	NA	NA	NA	2637	457	2095	173	39.172701552029956	4.8158617482515105	25.266759506340343	6.244571929869924	n
961	Cyanophyceae	class	4	1	NA	NA	cellular organisms, Bacteria, Bacillati, Cyanobacteriota/Melainabacteria group, Cyanobacteriota, Cyanophyceae	no rank, superkingdom, kingdom, clade, phylum, class	NA	NA	NA	NA	2266	63	1935	13	31.63389314686256	NA	19.229795914278817	0.0834198807005449	n
962	Cyanophyceae	class	2	1	NA	NA	cellular organisms, Bacteria, Bacillati, Cyanobacteriota/Melainabacteria group, Cyanobacteriota, Cyanophyceae	no rank, superkingdom, kingdom, clade, phylum, class	NA	NA	NA	NA	2472	242	1982	69	31.63389314686256	NA	19.906280789518284	1.6785043742023376	n
963	Microcoleaceae	family	2	1	NA	NA	cellular organisms, Bacteria, Bacillati, Cyanobacteriota/Melainabacteria group, Cyanobacteriota, Cyanophyceae, Oscillatoriophycideae, Oscillatoriales, Microcoleaceae	no rank, superkingdom, kingdom, clade, phylum, class, subclass, order, family	NA	NA	NA	NA	2901	695	2082	168	31.63389314686256	NA	26.75816533255728	8.159487130712915	n
964	Bacteria	superkingdom	53	1	Bacteria, Bacillati	1, 0.923076923076923	cellular organisms, Bacteria	no rank, superkingdom	NA	NA	NA	NA	583	49	1231	40	28.48529542981303	1.9358198730405585	11.664960417765343	1.098923964407543	n
965	Bacteria	superkingdom	9	1	Bacillati	0.888888888888889	cellular organisms, Bacteria	no rank, superkingdom	NA	NA	NA	NA	628	70	1242	51	28.662078882601282	0.4885916753392213	12.498311012083578	1.3013051129793234	n
966	Bacteria	superkingdom	8	1	Bacillati, Chloroflexota	0.875, 0.875	cellular organisms, Bacteria	no rank, superkingdom	NA	NA	NA	NA	655	73	1219	33	27.63984155967386	0.31337103500745545	12.125709505424693	0.5496956382827143	n
967	Dehalococcoidaceae	family	2	1	NA	NA	cellular organisms, Bacteria, Bacillati, Chloroflexota, Dehalococcoidia, Dehalococcoidales, Dehalococcoidaceae	no rank, superkingdom, kingdom, phylum, class, order, family	NA	NA	NA	NA	909	378	1137	112	22.219785046780892	0.6034840442477847	10.339584103517563	0.7264276581031535	n
968	Bacteria	superkingdom	6	1	Bacillati, Chloroflexota	0.833333333333333, 0.833333333333333	cellular organisms, Bacteria	no rank, superkingdom	NA	NA	NA	NA	997	363	1433	237	32.979190766166404	5.364306935961143	15.927832475554238	2.9949050950433924	n
969	Chloroflexota	phylum	5	1	NA	NA	cellular organisms, Bacteria, Bacillati, Chloroflexota	no rank, superkingdom, kingdom, phylum	NA	NA	NA	NA	1151	185	1512	106	35.055674176122686	2.1021783173621005	20.246691769855822	4.68004549849911	n
970	Chloroflexota	phylum	2	1	NA	NA	cellular organisms, Bacteria, Bacillati, Chloroflexota	no rank, superkingdom, kingdom, phylum	NA	NA	NA	NA	1548	443	1643	162	37.513138856845806	2.920817468624868	21.958494323480593	2.3564294866381883	n
971	Chloroflexia	class	3	1	NA	NA	cellular organisms, Bacteria, Bacillati, Chloroflexota, Chloroflexia	no rank, superkingdom, kingdom, phylum, class	NA	NA	NA	NA	1651	508	1660	161	36.849083437238	1.8943745450664309	22.69941683467486	2.5347767287249376	n
972	Chloroflexales	order	2	1	NA	NA	cellular organisms, Bacteria, Bacillati, Chloroflexota, Chloroflexia, Chloroflexales	no rank, superkingdom, kingdom, phylum, class, order	NA	NA	NA	NA	2305	679	1850	217	41.970387762083305	5.197762569382173	47.742761601292166	24.827803271211014	n
973	Bacteria	superkingdom	44	1	Bacteria, Bacillati, Actinomycetota, Actinomycetes	1, 0.930232558139535, 0.930232558139535, 0.813953488372093	cellular organisms, Bacteria	no rank, superkingdom	NA	NA	NA	NA	606	40	1246	38	28.748742272714374	0.5146751616839805	11.663480994974615	0.2557435984562458	n
974	Deinococci	class	3	1	NA	NA	cellular organisms, Bacteria, Thermotogati, Deinococcota, Deinococci	no rank, superkingdom, kingdom, phylum, class	NA	NA	NA	NA	1045	476	1344	142	32.57575774519236	4.13277341551552	16.157614435361392	3.8590008055530984	n
975	Deinococci	class	2	1	NA	NA	cellular organisms, Bacteria, Thermotogati, Deinococcota, Deinococci	no rank, superkingdom, kingdom, phylum, class	NA	NA	NA	NA	1315	276	1447	128	35.356560466837955	2.980862123664274	17.139152067342284	1.5812837857945408	n
976	Actinomycetota	phylum	41	1	Bacteria, Bacillati, Actinomycetota, Actinomycetes	1, 1, 1, 0.875	cellular organisms, Bacteria, Bacillati, Actinomycetota	no rank, superkingdom, kingdom, phylum	NA	NA	NA	NA	583	41	1186	25	27.509713830205392	0.3209578189748199	10.904036138066504	0.05559211601869737	n
977	Coriobacteriia	class	2	1	NA	NA	cellular organisms, Bacteria, Bacillati, Actinomycetota, Coriobacteriia	no rank, superkingdom, kingdom, phylum, class	NA	NA	NA	NA	825	334	1201	155	23.216098139587714	0.819510263725212	10.471038553669661	1.341552612115212	n
978	Actinomycetota	phylum	39	1	Bacteria, Bacillati, Actinomycetota, Actinomycetes	1, 1, 1, 0.921052631578947	cellular organisms, Bacteria, Bacillati, Actinomycetota	no rank, superkingdom, kingdom, phylum	NA	NA	NA	NA	680	118	1232	79	29.74633721495315	2.3046375388884504	13.294855042789731	1.765751253631609	n
979	Actinomycetota	phylum	2	1	NA	NA	cellular organisms, Bacteria, Bacillati, Actinomycetota	no rank, superkingdom, kingdom, phylum	NA	NA	NA	NA	1202	529	1438	211	37.562244568593805	7.81590735364065	16.153278228707595	2.8889240744236657	n
980	Actinomycetota	phylum	37	1	Bacteria, Bacillati, Actinomycetota, Actinomycetes	1, 1, 1, 0.972222222222222	cellular organisms, Bacteria, Bacillati, Actinomycetota	no rank, superkingdom, kingdom, phylum	NA	NA	NA	NA	876	220	1276	83	30.852331257011148	1.3530686751027639	21.95226449237187	8.306881414804643	n
981	Actinomycetes	class	36	1	Bacteria, Bacillati, Actinomycetota, Actinomycetes	1, 1, 1, 1	cellular organisms, Bacteria, Bacillati, Actinomycetota, Actinomycetes	no rank, superkingdom, kingdom, phylum, class	NA	NA	NA	NA	1250	402	1439	179	32.94169463267774	2.496236145519549	26.921658081919634	3.8551692037919314	n
982	Actinomycetes	class	35	1	Bacteria, Bacillati, Actinomycetota, Actinomycetes	1, 1, 1, 1	cellular organisms, Bacteria, Bacillati, Actinomycetota, Actinomycetes	no rank, superkingdom, kingdom, phylum, class	NA	NA	NA	NA	1771	533	1747	321	36.90665376000349	3.964959127325753	31.26463448794822	3.9024744143574854	n
983	Actinomycetes	class	34	1	Bacteria, Bacillati, Actinomycetota, Actinomycetes	1, 1, 1, 1	cellular organisms, Bacteria, Bacillati, Actinomycetota, Actinomycetes	no rank, superkingdom, kingdom, phylum, class	NA	NA	NA	NA	1953	209	1846	111	38.42487707114165	1.7276187326159214	31.491443986410907	1.1620308931871846	n
984	Streptosporangiales	order	4	1	NA	NA	cellular organisms, Bacteria, Bacillati, Actinomycetota, Actinomycetes, Streptosporangiales	no rank, superkingdom, kingdom, phylum, class, order	NA	NA	NA	NA	2303	397	1956	133	41.08239647451299	2.6456146414665733	34.076629373763176	2.463834078498939	n
985	Streptosporangiales	order	3	1	NA	NA	cellular organisms, Bacteria, Bacillati, Actinomycetota, Actinomycetes, Streptosporangiales	no rank, superkingdom, kingdom, phylum, class, order	NA	NA	NA	NA	2469	259	1978	74	41.860866951990964	1.5775731893995624	35.15132614278763	1.4720478241458754	n
986	Streptosporangiaceae	family	2	1	NA	NA	cellular organisms, Bacteria, Bacillati, Actinomycetota, Actinomycetes, Streptosporangiales, Streptosporangiaceae	no rank, superkingdom, kingdom, phylum, class, order, family	NA	NA	NA	NA	2838	405	2063	102	42.98138545161961	1.1958284097501475	37.502307725009864	2.726256901621673	n
987	Actinomycetes	class	30	1	Bacteria, Bacillati, Actinomycetota, Actinomycetes	1, 1, 1, 1	cellular organisms, Bacteria, Bacillati, Actinomycetota, Actinomycetes	no rank, superkingdom, kingdom, phylum, class	NA	NA	NA	NA	2017	98	1886	53	38.059420898139805	0.5422530911347406	31.379473244633914	0.705144371427378	n
988	Actinomycetes	class	12	1	NA	NA	cellular organisms, Bacteria, Bacillati, Actinomycetota, Actinomycetes	no rank, superkingdom, kingdom, phylum, class	NA	NA	NA	NA	2082	93	1904	31	38.23007528932999	0.5358548648118785	31.46393094128118	0.35987984821754876	n
989	Actinomycetes	class	2	1	NA	NA	cellular organisms, Bacteria, Bacillati, Actinomycetota, Actinomycetes	no rank, superkingdom, kingdom, phylum, class	NA	NA	NA	NA	2782	737	2071	189	43.72713126344271	5.497055974112721	33.454775138833455	4.358882522056694	n
990	Actinomycetes	class	10	1	NA	NA	cellular organisms, Bacteria, Bacillati, Actinomycetota, Actinomycetes	no rank, superkingdom, kingdom, phylum, class	NA	NA	NA	NA	2160	172	1902	55	37.888255458448	0.5499930751367227	33.05130564447145	1.7224762782942962	n
991	Actinomycetes	class	9	1	NA	NA	cellular organisms, Bacteria, Bacillati, Actinomycetota, Actinomycetes	no rank, superkingdom, kingdom, phylum, class	NA	NA	NA	NA	2141	107	1874	43	36.1751138661474	NA	33.31705965164669	0.5382378253651707	n
992	Actinomycetes	class	8	1	Mycobacteriales	0.875	cellular organisms, Bacteria, Bacillati, Actinomycetota, Actinomycetes	no rank, superkingdom, kingdom, phylum, class	NA	NA	NA	NA	2114	88	1853	39	27.330533077985777	NA	34.24061358725349	1.0390033702851151	n
993	Mycobacteriales	order	7	1	NA	NA	cellular organisms, Bacteria, Bacillati, Actinomycetota, Actinomycetes, Mycobacteriales	no rank, superkingdom, kingdom, phylum, class, order	NA	NA	NA	NA	1602	80	1601	41	28.562110467499213	1.231577389513437	26.459014203458405	0.28261553255309607	n
994	Mycobacteriales	order	6	1	NA	NA	cellular organisms, Bacteria, Bacillati, Actinomycetota, Actinomycetes, Mycobacteriales	no rank, superkingdom, kingdom, phylum, class, order	NA	NA	NA	NA	1731	192	1642	74	31.121291013045525	2.559180545546311	28.176484399047474	3.176306002702472	n
995	Mycobacteriales	order	5	1	NA	NA	cellular organisms, Bacteria, Bacillati, Actinomycetota, Actinomycetes, Mycobacteriales	no rank, superkingdom, kingdom, phylum, class, order	NA	NA	NA	NA	1961	244	1743	117	33.086233770451564	2.081204964796725	34.45015862647601	6.099237808837864	n
996	Mycobacteriales	order	2	1	NA	NA	cellular organisms, Bacteria, Bacillati, Actinomycetota, Actinomycetes, Mycobacteriales	no rank, superkingdom, kingdom, phylum, class, order	NA	NA	NA	NA	2438	486	1897	162	35.39395019618546	2.38772850302858	37.4713226797078	6.807140554121387	n
997	Mycobacteriales	order	3	1	NA	NA	cellular organisms, Bacteria, Bacillati, Actinomycetota, Actinomycetes, Mycobacteriales	no rank, superkingdom, kingdom, phylum, class, order	NA	NA	NA	NA	1985	55	1749	24	33.1867096648577	0.13546256498603101	34.78496059235699	0.7244726746837917	n
998	Mycobacterium	genus	2	1	NA	NA	cellular organisms, Bacteria, Bacillati, Actinomycetota, Actinomycetes, Mycobacteriales, Mycobacteriaceae, Mycobacterium	no rank, superkingdom, kingdom, phylum, class, order, family, genus	NA	NA	NA	NA	1920	132	1671	36	35.01088189754262	3.0311142829288356	35.36732746943867	1.9715042752182794	n
999	Actinomycetes	class	18	1	Bacteria, Bacillati, Actinomycetota, Actinomycetes	1, 1, 1, 1	cellular organisms, Bacteria, Bacillati, Actinomycetota, Actinomycetes	no rank, superkingdom, kingdom, phylum, class	NA	NA	NA	NA	2053	68	1900	28	36.890357710402725	NA	31.46887713976062	0.25969312689234936	n
1000	Catenulispora	genus	2	1	NA	NA	cellular organisms, Bacteria, Bacillati, Actinomycetota, Actinomycetes, Catenulisporales, Catenulisporaceae, Catenulispora	no rank, superkingdom, kingdom, phylum, class, order, family, genus	NA	NA	NA	NA	3094	1069	2200	319	36.322917883556606	NA	36.30013488836159	6.1213207324773675	n
1001	Actinomycetes	class	16	1	NA	NA	cellular organisms, Bacteria, Bacillati, Actinomycetota, Actinomycetes	no rank, superkingdom, kingdom, phylum, class	NA	NA	NA	NA	1873	60	1784	24	37.80748986558418	0.9171321551814536	30.376285549705006	0.3653475805803976	n
1002	Propionibacteriales	order	3	1	NA	NA	cellular organisms, Bacteria, Bacillati, Actinomycetota, Actinomycetes, Propionibacteriales	no rank, superkingdom, kingdom, phylum, class, order	NA	NA	NA	NA	1864	65	1751	13	37.822466391744015	0.34797882268679325	30.849910640529036	0.7886662182505839	n
1003	Propionibacteriales	order	2	1	NA	NA	cellular organisms, Bacteria, Bacillati, Actinomycetota, Actinomycetes, Propionibacteriales	no rank, superkingdom, kingdom, phylum, class, order	NA	NA	NA	NA	2327	491	1896	158	41.580559216481674	3.782606917048361	35.63006653794142	4.52473362476923	n
1004	Actinomycetes	class	13	1	NA	NA	cellular organisms, Bacteria, Bacillati, Actinomycetota, Actinomycetes	no rank, superkingdom, kingdom, phylum, class	NA	NA	NA	NA	1854	56	1747	20	37.82834979137026	0.31654221804097216	29.7472423912924	0.7018037296778886	n
1005	Actinomycetes	class	12	1	NA	NA	cellular organisms, Bacteria, Bacillati, Actinomycetota, Actinomycetes	no rank, superkingdom, kingdom, phylum, class	NA	NA	NA	NA	1716	96	1662	45	36.346167943906295	0.5300231035710471	26.95083877247679	0.737278724183005	n
1006	Actinomycetes	class	11	1	Micrococcales	0.818181818181818	cellular organisms, Bacteria, Bacillati, Actinomycetota, Actinomycetes	no rank, superkingdom, kingdom, phylum, class	NA	NA	NA	NA	1560	38	1564	5	35.04626001654362	0.058527131782945704	26.61788763060324	0.048781743719612525	n
1007	Micrococcales	order	3	1	NA	NA	cellular organisms, Bacteria, Bacillati, Actinomycetota, Actinomycetes, Micrococcales	no rank, superkingdom, kingdom, phylum, class, order	NA	NA	NA	NA	1498	20	1521	5	34.418105993795415	0.0459566946531153	26.90061509017403	0.4513092192121307	n
1008	Micrococcales	order	2	1	NA	NA	cellular organisms, Bacteria, Bacillati, Actinomycetota, Actinomycetes, Micrococcales	no rank, superkingdom, kingdom, phylum, class, order	NA	NA	NA	NA	1125	26	1216	6	28.188021521657962	0.03571428571428575	16.421601398837513	0.10214596437043148	n
1009	Actinomycetes	class	8	1	NA	NA	cellular organisms, Bacteria, Bacillati, Actinomycetota, Actinomycetes	no rank, superkingdom, kingdom, phylum, class	NA	NA	NA	NA	1569	44	1573	30	34.72322341149795	0.11372519740797073	26.64662142923315	0.1656223616229185	n
1010	Actinomycetes	class	3	1	NA	NA	cellular organisms, Bacteria, Bacillati, Actinomycetota, Actinomycetes	no rank, superkingdom, kingdom, phylum, class	NA	NA	NA	NA	1450	18	1489	16	33.71483031078739	0.5454690769588467	19.111204753205463	0.15262944954413613	n
1011	Actinomycetes	class	2	1	NA	NA	cellular organisms, Bacteria, Bacillati, Actinomycetota, Actinomycetes	no rank, superkingdom, kingdom, phylum, class	NA	NA	NA	NA	1130	45	1273	34	26.569398705708263	0.01298701298701299	39.733185218032745	26.89453086946377	n
1012	Micrococcales	order	5	1	NA	NA	cellular organisms, Bacteria, Bacillati, Actinomycetota, Actinomycetes, Micrococcales	no rank, superkingdom, kingdom, phylum, class, order	NA	NA	NA	NA	1801	252	1634	82	35.58572078988805	1.024881440306642	26.887951724779402	0.5899784834262739	n
1013	Micrococcales	order	4	1	NA	NA	cellular organisms, Bacteria, Bacillati, Actinomycetota, Actinomycetes, Micrococcales	no rank, superkingdom, kingdom, phylum, class, order	NA	NA	NA	NA	1838	86	1631	37	34.437274015460325	0.08766495179538658	53.00484526422698	27.606625884498172	n
1014	Micrococcales	order	3	1	NA	NA	cellular organisms, Bacteria, Bacillati, Actinomycetota, Actinomycetes, Micrococcales	no rank, superkingdom, kingdom, phylum, class, order	NA	NA	NA	NA	1822	52	1618	32	33.98632195055998	0.01744186046511631	53.03343474527002	0.2577618243042524	n
1015	Micrococcales	order	2	1	NA	NA	cellular organisms, Bacteria, Bacillati, Actinomycetota, Actinomycetes, Micrococcales	no rank, superkingdom, kingdom, phylum, class, order	NA	NA	NA	NA	1936	191	1672	92	35.216960105973	1.5858810819195124	53.448590779658986	2.641774754267654	n
